<?xml version="1.0" encoding="UTF-8" ?>
<!DOCTYPE supplementalData SYSTEM "http://www.unicode.org/cldr/dtd/1.3/ldmlSupplemental.dtd">
<supplementalData version="1.3">
	<version number="$Revision: 1.44 $"/>
	<generation date="$Date: 2005/05/23 17:17:49 $"/>
    <currencyData draft="true">
        <fractions>
            <info iso4217="ADP" digits="0" rounding="0"/>
            <info iso4217="BHD" digits="3" rounding="0"/>
            <info iso4217="BIF" digits="0" rounding="0"/>
            <info iso4217="BYR" digits="0" rounding="0"/>
            <info iso4217="CHF" digits="2" rounding="5"/>
            <info iso4217="CLF" digits="0" rounding="0"/>
            <info iso4217="CLP" digits="0" rounding="0"/>
            <info iso4217="DEFAULT" digits="2" rounding="0"/>
            <info iso4217="DJF" digits="0" rounding="0"/>
            <info iso4217="ESP" digits="0" rounding="0"/>
            <info iso4217="GNF" digits="0" rounding="0"/>
            <info iso4217="IQD" digits="3" rounding="0"/>
            <info iso4217="ITL" digits="0" rounding="0"/>
            <info iso4217="JOD" digits="3" rounding="0"/>
            <info iso4217="JPY" digits="0" rounding="0"/>
            <info iso4217="KMF" digits="0" rounding="0"/>
            <info iso4217="KRW" digits="0" rounding="0"/>
            <info iso4217="KWD" digits="3" rounding="0"/>
            <info iso4217="LYD" digits="3" rounding="0"/>
            <info iso4217="MGA" digits="0" rounding="0"/><!-- Is this right? -->
            <info iso4217="MGF" digits="0" rounding="0"/>
            <info iso4217="OMR" digits="3" rounding="0"/>
            <info iso4217="PYG" digits="0" rounding="0"/>
            <info iso4217="RWF" digits="0" rounding="0"/>
            <info iso4217="TND" digits="3" rounding="0"/>
            <info iso4217="TRL" digits="0" rounding="0"/>
            <info iso4217="VUV" digits="0" rounding="0"/>
            <info iso4217="XAF" digits="0" rounding="0"/>
            <info iso4217="XOF" digits="0" rounding="0"/>
            <info iso4217="XPF" digits="0" rounding="0"/>
        </fractions>
<!--
Note: When reading these dates, you should read them as inclusive date ranges.
The date ranges are like date ranges that you see on tomb stones,
but some dates are approximate. Some date ranges overlap due to
revolts, invasions, new constitutions, and slow planned adoption of new currency.
The length of time for these change overs vary widely. 
Sometimes, hyperinflation will cause more than one currency to be in effect
in one year. Dates without a "to" attribute mean that the currency is still
in use.

Dates try to use ISO-8601 style dates, and be accurate as possible.
They are usually in one of the following formats.
yyyy-MM-dd
yyyy-MM
yyyy

It is also worth noting this as a part of the history of ISO-4217. This
should be kept in mind in case anyone is claiming that an ISO code existed
before 1978 (source: www.unece.org):
... the International Organization for Standardization (ISO) decided in 1973 to
develop a code for the representation of currencies and funds for use in any
application of trade, commerce or banking. ... At its seventeenth session
(February 1978) the Group of Experts agreed that the three-letter alphabetic
codes for International Standard ISO 4217, "Codes for the representation of
currencies and funds", would be suitable for use in international trade.

Most of this list was derived from the following sources: 
http://www.iso.org/iso/en/prods-services/popstds/currencycodeslist.html
http://www.globalfindata.com/gh/index.html
http://europa.eu.int/comm/translation/currencies/entable1.htm
http://europa.eu.int/comm/budget/inforeuro/index.cfm?fuseaction=countries&Language=en
http://www.unece.org/cefact/recommendations/rec09/rec09_ecetrd203.pdf
The printed version of ISO-4217:2001
-->
        <region iso3166="830">
            <currency iso4217="GBP" from="1694-07-27"/>
        </region>
        <region iso3166="833">
            <currency iso4217="GBP" from="1694-07-27"/>
        </region>
        <region iso3166="AD">
            <currency iso4217="EUR" from="1999-01-01"/>
            <currency iso4217="ESP" from="1873" to="2002-02-28"/>
            <currency iso4217="FRF" from="1960-01-01" to="2002-02-17"/>
            <currency iso4217="ADP" from="1936" to="2001-12-31"/><!-- End date from europa.eu.int. -->
            <!-- currency iso4217="ADD" from="1873" to="2002-02-28"/ --><!-- Not listed in the 2001 list -->
        </region>
        <region iso3166="AE">
            <currency iso4217="AED" from="1973-05-19"/>
        </region>
        <region iso3166="AF">
            <currency iso4217="AFN" from="2002-10-07"/>
            <currency iso4217="AFA" from="1927-03-14" to="2002-12-31"/>
            <!-- Other currencies sort of existed under different Afghan governments before 2003,
                 but they weren't registered with ISO-4217. -->
        </region>
        <region iso3166="AG">
            <currency iso4217="XCD" from="1965-10-06"/>
        </region>
        <region iso3166="AI">
            <currency iso4217="XCD" from="1965-10-06"/>
        </region>
        <region iso3166="AL">
            <currency iso4217="ALL" from="1965-08-16"/>
        </region>
        <region iso3166="AM">
            <currency iso4217="AMD" from="1993-11-22"/>
            <currency iso4217="RUR" from="1991-12-25" to="1993-11-22"/>
            <currency iso4217="SUR" from="1961-01-01" to="1991-12-25"/>
        </region>
        <region iso3166="AN">
            <currency iso4217="ANG" from="1940-05-10"/>
        </region>
        <region iso3166="AO">
            <currency iso4217="AOA" from="1999-12-13"/>
            <currency iso4217="AOR" from="1995-07-01" to="2000-02"/>
            <currency iso4217="AON" from="1990-09-25" to="2000-02"/>
            <currency iso4217="AOK" from="1977-01-08" to="1991-03"/>
        </region>
        <region iso3166="AQ">
	<currency iso4217="XXX"/>
            <!-- This is Antarctica. It has no currency -->
        </region>
        <region iso3166="AR">
            <currency iso4217="ARS" from="1992-01-01"/>
            <currency iso4217="ARA" from="1985-06-14" to="1992-01-01"/>
            <currency iso4217="ARP" from="1983-06-01" to="1985-06-14"/>
        </region>
        <region iso3166="AS">
            <currency iso4217="USD" from="1904-07-16"/>
        </region>
        <region iso3166="AT">
            <currency iso4217="EUR" from="1999-01-01"/>
            <currency iso4217="ATS" from="1947-12-04" to="2002-02-28"/>
        </region>
        <region iso3166="AU">
            <currency iso4217="AUD" from="1966-02-14"/>
        </region>
        <region iso3166="AW">
            <currency iso4217="AWG" from="1986-01-01"/>
            <currency iso4217="ANG" from="1940-05-10" to="1986-01-01"/>
        </region>
        <region iso3166="AX"><!-- An autonomous and demilitarized province/islands of Finland -->
            <currency iso4217="EUR" from="1999-01-01"/>
        </region>
        <region iso3166="AZ">
            <currency iso4217="AZM" from="1993-11-22"/>
            <currency iso4217="RUR" from="1991-12-25" to="1994-01-01"/>
            <currency iso4217="SUR" from="1961-01-01" to="1991-12-25"/>
        </region>
        <region iso3166="BA">
            <currency iso4217="BAM" from="1995-01-01"/>
            <!-- currency iso4217="BAN" from="1994-08-15" to="1997-07"/ --><!-- Not listed in the 2001 list -->
            <currency iso4217="BAD" from="1992-07-01" to="1997-07"/>
            <!-- currency iso4217="YUR" from="1992-07-01" to="1993-10-01"/ --><!-- Not listed in the 2001 list -->
            <currency iso4217="YUN" from="1990-01-01" to="1992-07-01"/>
            <currency iso4217="YUD" from="1966-01-01" to="1990-01-01"/>
        </region>
        <region iso3166="BB">
            <currency iso4217="BBD" from="1973-12-03"/>
            <currency iso4217="XCD" from="1965-10-06" to="1973-12-03"/>
        </region>
        <region iso3166="BD">
            <currency iso4217="BDT" from="1972-01-01"/>
            <currency iso4217="PKR" from="1948-04-01" to="1972-01-01"/>
            <currency iso4217="INR" from="1835-08-17" to="1948-04-01"/>
        </region>
        <region iso3166="BE">
            <currency iso4217="EUR" from="1999-01-01"/>
            <currency iso4217="BEF" from="1831-02-07" to="2002-02-28"/>
            <currency iso4217="NLG" from="1816-12-15" to="1831-02-07"/>
        </region>
        <region iso3166="BF">
            <currency iso4217="XOF" from="1984-08-04"/>
        </region>
        <region iso3166="BG">
            <currency iso4217="BGN" from="1999-07-05"/>
            <currency iso4217="BGL" from="1962-01-01" to="1999-07-05"/>
        </region>
        <region iso3166="BH">
            <currency iso4217="BHD" from="1965-10-16"/>
        </region>
        <region iso3166="BI">
            <currency iso4217="BIF" from="1964-05-19"/>
        </region>
        <region iso3166="BJ">
            <currency iso4217="XOF" from="1975-11-30"/>
        </region>
        <region iso3166="BM">
            <currency iso4217="BMD" from="1970-02-06"/>
        </region>
        <region iso3166="BN">
            <currency iso4217="BND" from="1967-06-12"/>
            <currency iso4217="MYR" from="1963-09-16" to="1967-06-12"/>
        </region>
        <region iso3166="BO">
            <currency iso4217="BOB" from="1987-01-01"/>
            <currency iso4217="BOP" from="1963-01-01" to="1986-12-31"/>
            <!-- currency iso4217="BOL" from="1863-06-23" to="1962-12-31"/ --><!-- Not listed in the 2001 list -->
        </region>
        <region iso3166="BR">
            <currency iso4217="BRL" from="1994-07-01"/>
            <currency iso4217="BRR" from="1993-08-01" to="1994-07-01"/>
            <currency iso4217="BRE" from="1990-03-16" to="1993-08-01"/>
            <currency iso4217="BRN" from="1989-01-15" to="1990-03-16"/>
            <currency iso4217="BRC" from="1986-02-28" to="1989-01-15"/>
            <!-- currency iso4217="BRZ" from="1942-11-01" to="1987-02-13"/ --><!-- Not listed in the 2001 list -->
            <currency iso4217="BRB" from="1967-02-13" to="1986-02-28"/>
        </region>
        <region iso3166="BS">
            <currency iso4217="BSD" from="1966-05-25"/>
        </region>
        <region iso3166="BT">
            <currency iso4217="INR" from="1907"/>
            <currency iso4217="BTN" from="1974-04-16"/>
        </region>
        <region iso3166="BV"><!-- uninhabited territory of Norway -->
            <currency iso4217="NOK" from="1905-06-07"/>
        </region>
        <region iso3166="BW">
            <currency iso4217="BWP" from="1976-08-23"/>
            <currency iso4217="ZAR" from="1961-02-14" to="1976-08-23"/>
        </region>
        <region iso3166="BY">
            <currency iso4217="BYR" from="2000-01-01"/>
            <currency iso4217="BYB" from="1994-08" to="2000-12-31"/><!-- This was a valid currency according to eu.int -->
            <currency iso4217="RUR" from="1991-12-25" to="1994-11-08"/>
            <!-- currency iso4217="BYL" from="1992-09-25" to="1994-08"/--><!-- Validity is unknown -->
            <currency iso4217="SUR" from="1961-01-01" to="1991-12-25"/>
        </region>
        <region iso3166="BZ">
            <currency iso4217="BZD" from="1974-01-01"/>
        </region>
        <region iso3166="CA">
            <currency iso4217="CAD" from="1858-01-01"/>
        </region>
        <region iso3166="CC">
            <currency iso4217="AUD" from="1966-02-14"/>
        </region>
        <region iso3166="CD">
            <currency iso4217="CDF" from="1998-07"/>
            <!-- Zaire (ZR) was renamed to Democratic Republic of Congo (CD) -->
            <currency iso4217="ZRN" from="1993-11-01" to="1998-07"/>
            <currency iso4217="ZRZ" from="1971-10-27" to="1993-11-01"/>
        </region>
        <region iso3166="CF">
            <currency iso4217="XAF" from="1993-01-01"/>
            <!-- currency iso4217="CFF" from="1973-04-01" to="1992-12-31"/ --><!-- Validity is unknown -->
        </region>
        <region iso3166="CG">
            <currency iso4217="XAF" from="1993"/>
        </region>
        <region iso3166="CH">
            <currency iso4217="CHF" from="1799-03-17"/>
        </region>
        <region iso3166="CI">
            <currency iso4217="XOF" from="1958-12-04"/>
        </region>
        <region iso3166="CK">
            <currency iso4217="NZD" from="1967-7-10"/>
        </region>
        <region iso3166="CL">
            <currency iso4217="CLP" from="1975-09-29"/>
        </region>
        <region iso3166="CM">
            <currency iso4217="XAF" from="1973-04-01"/>
        </region>
        <region iso3166="CN">
            <currency iso4217="CNY" from="1953-03-01"/>
        </region>
        <region iso3166="CO">
            <currency iso4217="COP" from="1905"/>
        </region>
        <region iso3166="CR">
            <currency iso4217="CRC" from="1896-10-26"/>
        </region>
        <region iso3166="CS">
            <currency iso4217="EUR" from="2003-02-04"/><!-- Montenegro -->
            <currency iso4217="CSD" from="2002-05-15"/><!-- Serbia -->
            <currency iso4217="YUM" from="1994-01-24" to="2002-05-15"/><!-- Yugoslavian history. YU was renamed to CS. -->
            <!-- currency iso4217="CSK" from="1953-06-01" to="1993-03"/ --><!-- Czechoslovakia (totally separate region with conflicting ISO code) -->
        </region>
        <region iso3166="CU">
            <currency iso4217="CUP" from="1859-01-01"/>
            <!-- currency iso4217="USD" from="1994"/ --><!-- Unofficially used -->
            <currency iso4217="USD" from="1899" to="1959"/>
        </region>
        <region iso3166="CV">
            <currency iso4217="CVE" from="1914-01-01"/>
            <currency iso4217="PTE" from="1911-05-22" to="1975-07-05"/>
        </region>
        <region iso3166="CX">
            <currency iso4217="AUD" from="1966-02-14"/>
        </region>
        <region iso3166="CY">
            <currency iso4217="CYP" from="1914-09-10"/>
            <!-- currency iso4217="TRL" from="1975-02-13"/ --><!-- Only part of Northern Cyprus -->
        </region>
        <region iso3166="CZ">
            <currency iso4217="CZK" from="1993-01-01"/>
            <!-- CS was renamed to CZ -->
            <currency iso4217="CSK" from="1953-06-01" to="1993-03"/>
        </region>
        <!-- East Germany merged with West Germany, and no longer exists as "DD". DDM was an ISO-4217 code. -->
        <!-- region iso3166="DD">
            <currency iso4217="DDM" from="1948-07-20" to="1990-10-02"/>
        </region -->
        <region iso3166="DE">
            <currency iso4217="EUR" from="1999-01-01"/>
            <currency iso4217="DEM" from="1948-06-20" to="2002-02-28"/>
        </region>
        <region iso3166="DJ">
            <currency iso4217="DJF" from="1977-06-27"/>
        </region>
        <region iso3166="DK">
            <currency iso4217="DKK" from="1873-05-27"/>
        </region>
        <region iso3166="DM">
            <currency iso4217="XCD" from="1965-10-06"/>
        </region>
        <region iso3166="DO">
            <currency iso4217="DOP" from="1947-10"/>
            <currency iso4217="USD" from="1905-06-21" to="1947-10"/>
        </region>
        <region iso3166="DZ">
            <currency iso4217="DZD" from="1964-04-01"/>
        </region>
        <region iso3166="EC">
            <currency iso4217="USD" from="2000-10-02"/>
            <currency iso4217="ECS" from="1884-04-01" to="2000-10-02"/>
        </region>
        <region iso3166="EE">
            <currency iso4217="EEK" from="1992-06-21"/>
            <currency iso4217="SUR" from="1961-1-1" to="1992-06-20"/>
        </region>
        <region iso3166="EG">
            <currency iso4217="EGP" from="1885-11-14"/>
        </region>
        <region iso3166="EH">
            <currency iso4217="MAD" from="1976-02-26"/>
        </region>
        <region iso3166="ER">
            <currency iso4217="ERN" from="1997-11-08"/>
        </region>
        <region iso3166="ES">
            <currency iso4217="EUR" from="1999-01-01"/>
            <currency iso4217="ESP" from="1868-10-19" to="2002-02-28"/>
        </region>
        <region iso3166="ET">
            <currency iso4217="ETB" from="1976-09-15"/>
        </region>
        <region iso3166="FI">
            <currency iso4217="EUR" from="1999-01-01"/>
            <currency iso4217="FIM" from="1963-01-01" to="2002-02-28"/>
        </region>
        <region iso3166="FJ">
            <currency iso4217="FJD" from="1969-01-13"/>
        </region>
        <region iso3166="FK">
            <currency iso4217="FKP" from="1901"/>
        </region>
        <region iso3166="FM">
            <currency iso4217="USD" from="1944"/>
            <currency iso4217="JPY" from="1914-10-03" to="1944"/>
        </region>
        <region iso3166="FO">
            <currency iso4217="DKK" from="1873-5-27"/>
            <!-- currency iso4217="FOK" from="1940"/ --><!-- Not listed in the 2001 or 2004 list -->
        </region>
        <region iso3166="FR">
            <currency iso4217="EUR" from="1999-01-01"/>
            <currency iso4217="FRF" from="1960-01-01" to="2002-02-17"/>
        </region>
        <region iso3166="GA">
            <currency iso4217="XAF" from="1993-01-01"/>
        </region>
        <region iso3166="GB">
            <currency iso4217="GBP" from="1694-07-27"/>
        </region>
        <region iso3166="GD">
            <currency iso4217="XCD" from="1967-02-27"/>
        </region>
        <region iso3166="GE">
            <currency iso4217="GEL" from="1995-09-23"/>
            <currency iso4217="GEK" from="1993-04-05" to="1995-09-25"/>
            <currency iso4217="RUR" from="1991-12-25" to="1993-06-11"/>
            <currency iso4217="SUR" from="1961-01-01" to="1991-12-25"/>
        </region>
        <region iso3166="GF">
            <currency iso4217="EUR" from="1999-01-01"/>
            <currency iso4217="FRF" from="1960-01-01" to="2002-02-17"/>
            <!-- currency iso4217="XNF" from="1960-01-01" to="1975-03-31"/ --><!-- Not listed in the 2001 or 2004 list -->
        </region>
        <region iso3166="GH">
            <currency iso4217="GHC" from="1979-03-09"/>
        </region>
        <region iso3166="GI">
            <currency iso4217="GIP" from="1713"/>
            <!-- currency iso4217="GBP" from="1713"/ --><!-- Not listed in the 2001 or 2004 list -->
        </region>
        <region iso3166="GL">
            <currency iso4217="DKK" from="1873-05-27"/>
        </region>
        <region iso3166="GM">
            <currency iso4217="GMD" from="1971-07-01"/>
        </region>
        <region iso3166="GN">
            <currency iso4217="GNF" from="1986-01-06"/>
            <currency iso4217="GNS" from="1972-10-02" to="1986-01-06"/>
        </region>
        <region iso3166="GP">
            <currency iso4217="EUR" from="1999"/>
            <currency iso4217="FRF" from="1960-01-01" to="2002-02-17"/>
        </region>
        <region iso3166="GQ">
            <currency iso4217="XAF" from="1993-01-01"/>
            <!-- currency iso4217="EQE" to="1989-12"/ --><!-- Deprecated code in ISO-4217:2001. Start date is unknown. -->
            <currency iso4217="GQE" from="1975-07-07" to="1986-06"/>
        </region>
        <region iso3166="GR">
            <currency iso4217="EUR" from="2001-01-01"/>
            <currency iso4217="GRD" from="1954-05-01" to="2002-02-28"/>
        </region>
        <region iso3166="GS"><!-- UK overseas territory. No indigenous population -->
            <currency iso4217="GBP" from="1908"/>
        </region>
        <region iso3166="GT">
            <currency iso4217="GTQ" from="1925-05-27"/>
            <!-- currency iso4217="USD" from="2001-05-01"/ --><!-- Not listed in the 2001 or 2004 list -->
        </region>
        <region iso3166="GU">
            <currency iso4217="USD" from="1944-08-21"/>
        </region>
        <region iso3166="GW">
            <currency iso4217="GWP" from="1976-02-28"/>
            <currency iso4217="XOF" from="1997-01-01"/>
        </region>
        <region iso3166="GY">
            <currency iso4217="GYD" from="1966-05-26"/>
        </region>
        <region iso3166="HK">
            <currency iso4217="HKD" from="1895-02-02"/>
        </region>
        <region iso3166="HM"><!-- Uninhabited territory of Australia -->
            <currency iso4217="AUD" from="1967-02-16"/>
        </region>
        <region iso3166="HN">
            <currency iso4217="HNL" from="1926-04-03"/>
        </region>
        <region iso3166="HR">
            <currency iso4217="HRK" from="1994-05-30"/>
            <currency iso4217="HRD" from="1991-12-23" to="1995-01"/>
            <currency iso4217="YUN" from="1990-01-01" to="1991-12-23"/>
            <currency iso4217="YUD" from="1966-01-01" to="1990-01-01"/>
        </region>
        <region iso3166="HT">
            <currency iso4217="HTG" from="1872-08-26"/>
            <currency iso4217="USD" from="1915"/><!-- From date is uncertain, but it is listed in the 2001 and 2004 lists. -->
        </region>
        <region iso3166="HU">
            <currency iso4217="HUF" from="1946-07-23"/>
        </region>
        <region iso3166="ID">
            <currency iso4217="IDR" from="1965-12-13"/>
        </region>
        <region iso3166="IE">
            <currency iso4217="EUR" from="1999"/>
            <currency iso4217="IEP" from="1922" to="2002-02-09"/>
            <currency iso4217="GBP" from="1800" to="1922"/>
        </region>
        <region iso3166="IL">
            <currency iso4217="ILS" from="1985-09-04"/>
            <currency iso4217="ILP" from="1948-08-16" to="1980-02-22"/>
        </region>
        <region iso3166="IN">
            <currency iso4217="INR" from="1835-08-17"/>
        </region>
        <region iso3166="IO"><!-- UK/US overseas territories. No indigenous population -->
            <currency iso4217="USD" from="1965-11-08"/>
            <currency iso4217="GBP" from="1965-11-08"/>
        </region>
        <region iso3166="IQ">
            <currency iso4217="IQD" from="1931-04-19"/>
            <currency iso4217="EGP" from="1920-11-11" to="1931-04-19"/>
            <currency iso4217="INR" from="1920-11-11" to="1931-04-19"/>
        </region>
        <region iso3166="IR">
            <currency iso4217="IRR" from="1932-05-13"/>
        </region>
        <region iso3166="IS">
            <currency iso4217="ISK" from="1981-01-01"/>
            <currency iso4217="DKK" from="1873-05-27" to="1918-12-01"/>
        </region>
        <region iso3166="IT">
            <currency iso4217="EUR" from="1999-01-01"/>
            <currency iso4217="ITL" from="1862-8-24" to="2002-02-28"/>
        </region>
        <region iso3166="JM">
            <currency iso4217="JMD" from="1969-09-08"/>
        </region>
        <region iso3166="JO">
            <currency iso4217="JOD" from="1950-07-01"/>
        </region>
        <region iso3166="JP">
            <currency iso4217="JPY" from="1871-06"/>
        </region>
        <region iso3166="KE">
            <currency iso4217="KES" from="1966-09-14"/>
        </region>
        <region iso3166="KG">
            <currency iso4217="KGS" from="1993-05-10"/>
            <currency iso4217="RUR" from="1991-12-25" to="1993-05-10"/>
            <currency iso4217="SUR" from="1961-01-01" to="1991-12-25"/>
        </region>
        <region iso3166="KH">
            <currency iso4217="KHR" from="1980-03-20"/>
            <!-- 1975-05 to 1978-01 was a moneyless economy -->
        </region>
        <region iso3166="KI">
            <currency iso4217="AUD" from="1966-02-14"/>
            <!-- currency iso4217="KID" from="1979-07-12"/ --><!-- Not listed in the 2001 or 2004 list -->
        </region>
        <region iso3166="KM">
            <currency iso4217="KMF" from="1975-07-06"/>
        </region>
        <region iso3166="KN">
            <currency iso4217="XCD" from="1965-10-06"/>
        </region>
        <region iso3166="KP">
            <currency iso4217="KPW" from="1959-04-17"/>
        </region>
        <region iso3166="KR">
            <currency iso4217="KRW" from="1962-06-10"/>
        </region>
        <region iso3166="KW">
            <currency iso4217="KWD" from="1961-04-01"/>
        </region>
        <region iso3166="KY">
            <currency iso4217="KYD" from="1971"/>
            <currency iso4217="JMD" from="1969-09-08" to="1971"/>
        </region>
        <region iso3166="KZ">
            <currency iso4217="KZT" from="1993-11-05"/>
            <!-- currency iso4217="KZR" from="1993-08" to="1993-11-05"/ --><!-- Not listed in the 2001 list -->
            <!-- currency iso4217="RUR" from="1991-12-25" to="1993-08"/ -->
            <!-- currency iso4217="SUR" from="1961-01-01" to="1991-12-25"/ -->
        </region>
        <region iso3166="LA">
            <currency iso4217="LAK" from="1979-12-10"/>
        </region>
        <region iso3166="LB">
            <currency iso4217="LBP" from="1948-02-02"/>
        </region>
        <region iso3166="LC">
            <currency iso4217="XCD" from="1965-10-06"/>
        </region>
        <region iso3166="LI">
            <currency iso4217="CHF" from="1921-02"/>
        </region>
        <region iso3166="LK">
            <currency iso4217="LKR" from="1978-05-22"/>
        </region>
        <region iso3166="LR">
            <currency iso4217="LRD" from="1944-01-01"/>
        </region>
        <region iso3166="LS">
            <currency iso4217="ZAR" from="1961-02-14"/>
            <currency iso4217="LSL" from="1980-01-22"/>
        </region>
        <region iso3166="LT">
            <currency iso4217="LTL" from="1993-06-25"/>
            <currency iso4217="LTT" from="1992-10-1" to="1993-06-25"/>
            <currency iso4217="SUR" from="1961-1-1" to="1992-10-01"/>
        </region>
        <region iso3166="LU">
            <currency iso4217="EUR" from="1999-01-01"/>
            <currency iso4217="LUF" from="1944-09-4" to="2002-02-28"/>
        </region>
        <region iso3166="LV">
            <currency iso4217="LVL" from="1993-06-28"/>
            <currency iso4217="LVR" from="1992-05-07" to="1993-10-17"/>
            <currency iso4217="SUR" from="1961-01-01" to="1992-07-20"/>
        </region>
        <region iso3166="LY">
            <currency iso4217="LYD" from="1971-09-01"/>
        </region>
        <region iso3166="MA">
            <currency iso4217="MAD" from="1959-10-17"/>
        </region>
        <region iso3166="MC">
            <currency iso4217="EUR" from="1999-01-01"/>
            <currency iso4217="FRF" from="1960-01-01" to="2002-02-17"/>
            <!-- currency iso4217="MCF" from="1960-01-01" to="2002-02-17"/ --><!-- Not listed in the 2001 list -->
        </region>
        <region iso3166="MD">
            <currency iso4217="MDL" from="1993-11-29"/>
            <!-- currency iso4217="MDC" from="1992-06" to="1993-11-29"/ --><!-- Not listed in the 2001 list -->
            <!-- currency iso4217="MDR" from="1991-05-23" to="1992-06"/ --><!-- Not listed in the 2001 list -->
            <!-- currency iso4217="SUR" from="1961-01-01" to="1991-05-23"/ -->
        </region>
        <region iso3166="MG">
            <currency iso4217="MGA" from="1983-11-01"/>
            <currency iso4217="MGF" from="1963-07-01" to="2004-11-30"/>
        </region>
        <region iso3166="MH">
            <currency iso4217="USD" from="1944"/>
            <!-- currency iso4217="MHD" from="1979-05-01"/ --><!-- Not listed in the 2001 or 2004 list -->
        </region>
        <region iso3166="MK">
            <currency iso4217="MKD" from="1993-05-20"/>
            <!-- currency iso4217="MKN" from="1992-04-26" to="1993-05-20"/ --><!-- Not listed in the 2001 list -->
            <!-- currency iso4217="YUN" from="1990" to="1992-07"/ -->
            <!-- currency iso4217="YUD" from="1966-01-01" to="1990"/ -->
        </region>
        <region iso3166="ML">
            <currency iso4217="XOF" from="1984-06-01"/>
            <currency iso4217="MLF" from="1962-07-02" to="1984-08-31"/>
            <currency iso4217="XOF" from="1958-11-24" to="1962-07-02"/>
        </region>
        <region iso3166="MM">
            <currency iso4217="MMK" from="1989-06-18"/>
            <!-- currency iso4217="MMX" from="1993"/ --><!-- Not listed in the 2001 or 2004 list -->
        </region>
        <region iso3166="MN">
            <currency iso4217="MNT" from="1915-03"/>
        </region>
        <region iso3166="MO">
            <currency iso4217="MOP" from="1901"/>
        </region>
        <region iso3166="MP">
            <currency iso4217="USD" from="1944"/>
        </region>
        <region iso3166="MQ">
            <currency iso4217="EUR" from="1999-01-01"/>
            <currency iso4217="FRF" from="1960-01-01" to="2002-02-17"/>
        </region>
        <region iso3166="MR">
            <currency iso4217="MRO" from="1973-06-29"/>
            <currency iso4217="XOF" from="1958-11-28" to="1973-06-29"/>
        </region>
        <region iso3166="MS">
            <currency iso4217="XCD" from="1967-02-27"/>
        </region>
        <region iso3166="MT">
            <currency iso4217="MTL" from="1968-06-07"/>
        </region>
        <region iso3166="MU">
            <currency iso4217="MUR" from="1934-04-01"/>
        </region>
        <region iso3166="MV">
            <currency iso4217="MVR" from="1981-07-01"/>
        </region>
        <region iso3166="MW">
            <currency iso4217="MWK" from="1971-02-15"/>
        </region>
        <region iso3166="MX">
            <currency iso4217="MXN" from="1993-01-01"/>
        </region>
        <region iso3166="MY">
            <currency iso4217="MYR" from="1963-9-16"/>
        </region>
        <region iso3166="MZ">
            <currency iso4217="MZM" from="1980-06-16"/>
        </region>
        <region iso3166="NA">
            <currency iso4217="ZAR" from="1961-02-14"/>
            <currency iso4217="NAD" from="1993"/>
        </region>
        <region iso3166="NC">
            <currency iso4217="XPF" from="1985"/>
        </region>
        <region iso3166="NE">
            <currency iso4217="XOF" from="1958-12-19"/>
        </region>
        <region iso3166="NF">
            <currency iso4217="AUD" from="1966-02-14"/>
        </region>
        <region iso3166="NG">
            <currency iso4217="NGN" from="1973-01-01"/>
        </region>
        <region iso3166="NI">
            <currency iso4217="NIO" from="1991-04-30"/>
            <currency iso4217="NIC" from="1988-02-15" to="1991-04-30"/>
        </region>
        <region iso3166="NL">
            <currency iso4217="EUR" from="1999-1-1"/>
            <currency iso4217="NLG" from="1813" to="2002-02-28"/>
            <!-- FRG was used from 1810 to 1813 -->
        </region>
        <region iso3166="NO">
            <currency iso4217="NOK" from="1905-06-07"/>
            <currency iso4217="SEK" from="1873-5-27" to="1905-06-07"/>
        </region>
        <region iso3166="NP">
            <currency iso4217="NPR" from="1933"/>
            <currency iso4217="INR" from="1870" to="1966-10-17"/>
        </region>
        <region iso3166="NR">
            <currency iso4217="AUD" from="1966-02-14"/>
        </region>
        <region iso3166="NU">
            <currency iso4217="NZD" from="1967-07-10"/>
        </region>
        <region iso3166="NZ">
            <currency iso4217="NZD" from="1967-07-10"/>
        </region>
        <region iso3166="OM">
            <currency iso4217="OMR" from="1972-11-11"/>
        </region>
        <region iso3166="PA">
            <currency iso4217="PAB" from="1903-11-04"/>
            <currency iso4217="USD" from="1903-11-18"/>
        </region>
        <region iso3166="PE">
            <currency iso4217="PEN" from="1991-07-01"/>
            <currency iso4217="PEI" from="1985-02-01" to="1991-07-01"/>
            <currency iso4217="PES" from="1863-02-14" to="1985-02-01"/>
        </region>
        <region iso3166="PF">
            <currency iso4217="XPF" from="1945-12-26"/>
        </region>
        <region iso3166="PG">
            <currency iso4217="PGK" from="1975-09-16"/>
            <currency iso4217="AUD" from="1966-02-14" to="1975-09-16"/>
        </region>
        <region iso3166="PH">
            <currency iso4217="PHP" from="1946-07-04"/>
        </region>
        <region iso3166="PK">
            <currency iso4217="PKR" from="1948-04-01"/>
            <currency iso4217="INR" from="1835-08-17" to="1947-08-15"/>
        </region>
        <region iso3166="PL">
            <currency iso4217="PLN" from="1995-01-01"/>
            <currency iso4217="PLZ" from="1950-10-28" to="1994-12-31"/>
        </region>
        <region iso3166="PM">
            <currency iso4217="EUR" from="1999-01-01"/>
            <currency iso4217="FRF" from="1972-12-21" to="2002-02-17"/>
        </region>
        <region iso3166="PN">
            <currency iso4217="NZD" from="1969-01-13"/>
        </region>
        <region iso3166="PR">
            <currency iso4217="USD" from="1898-12-10"/>
            <currency iso4217="ESP" from="1800" to="1898-12-10"/>
        </region>
        <region iso3166="PS">
            <currency iso4217="JOD" from="1996-02-12"/>
            <currency iso4217="ILS" from="1985-09-04"/>
            <currency iso4217="ILP" from="1967-06" to="1980-02-22"/>
            <currency iso4217="JOD" from="1950-07-01" to="1967-06"/>
        </region>
        <region iso3166="PT">
            <currency iso4217="EUR" from="1999-01-01"/>
            <currency iso4217="PTE" from="1911-05-22" to="2002-02-28"/>
        </region>
        <region iso3166="PW">
            <currency iso4217="USD" from="1944"/>
        </region>
        <region iso3166="PY">
            <currency iso4217="PYG" from="1943-11"/>
        </region>
        <region iso3166="QA">
            <currency iso4217="QAR" from="1973-05-19"/>
        </region>
        <region iso3166="RE">
            <currency iso4217="EUR" from="1999-01-01"/>
            <currency iso4217="FRF" from="1975-01-01" to="2002-02-17"/>
        </region>
        <region iso3166="RO">
            <currency iso4217="ROL" from="1952-01-28"/>
        </region>
        <region iso3166="RU">
            <currency iso4217="RUB" from="1999-01-01"/>
            <currency iso4217="RUR" from="1991-12-25" to="1998-12-31"/>
        </region>
        <region iso3166="RW">
            <currency iso4217="RWF" from="1964-05-19"/>
        </region>
        <region iso3166="SA">
            <currency iso4217="SAR" from="1952-10-22"/>
        </region>
        <region iso3166="SB">
            <currency iso4217="SBD" from="1977-10-24"/>
            <currency iso4217="AUD" from="1966-02-14" to="1978-06-30"/>
        </region>
        <region iso3166="SC">
            <currency iso4217="SCR" from="1903-11"/>
        </region>
        <region iso3166="SD">
            <currency iso4217="SDD" from="1992"/>
            <currency iso4217="SDP" from="1957-04-08" to="1998-06"/>
            <currency iso4217="EGP" from="1889-01-19" to="1958-01-01"/>
            <currency iso4217="GBP" from="1889-01-19" to="1958-01-01"/>
        </region>
        <region iso3166="SE">
            <currency iso4217="SEK" from="1873-5-27"/>
        </region>
        <region iso3166="SG">
            <currency iso4217="SGD" from="1967-06-12"/>
            <currency iso4217="MYR" from="1963-09-16" to="1967-06-12"/>
        </region>
        <region iso3166="SH">
            <currency iso4217="SHP" from="1917-02-15"/>
            <!-- currency iso4217="GBP" from="1917-02-15"/ --><!-- Not listed in the 2001 or 2004 list -->
        </region>
        <region iso3166="SI">
            <currency iso4217="SIT" from="1992-10-07"/>
        </region>
        <region iso3166="SJ">
            <currency iso4217="NOK" from="1905-06-07"/>
        </region>
        <region iso3166="SK">
            <currency iso4217="SKK" from="1992-12-31"/>
            <currency iso4217="CSK" from="1953-06-01" to="1992-12-31"/>
        </region>
        <region iso3166="SL">
            <currency iso4217="SLL" from="1964-08-04"/>
            <currency iso4217="GBP" from="1808-11-30" to="1966-02-04"/>
        </region>
        <region iso3166="SM">
            <currency iso4217="EUR" from="1999-01-01"/>
            <currency iso4217="ITL" from="1865-12-23" to="2001-02-28"/>
            <!-- currency iso4217="SML" from="1865-12-23" to="2001-02-28"/ --><!-- Not listed in the 2001 or 2004 list -->
        </region>
        <region iso3166="SN">
            <currency iso4217="XOF" from="1959-04-04"/>
        </region>
        <region iso3166="SO">
            <currency iso4217="SOS" from="1960-07-01"/>
            <!-- currency iso4217="SON" from="1991"/ --><!-- Not listed in the 2001 or 2004 list -->
        </region>
        <region iso3166="SR">
            <currency iso4217="SRD" from="2004-01-01"/>
            <currency iso4217="SRG" from="1940-05-10" to="2003-12-31"/>
            <currency iso4217="NLG" from="1815-11-20" to="1940-05-10"/>
        </region>
        <region iso3166="ST">
            <currency iso4217="STD" from="1977-09-08"/>
        </region>
        <!-- This is no longer a valid region. It split into RU and several other regions. -->
        <!-- region iso3166="SU">
            <currency iso4217="SUR" from="1961-01-01" to="1991-12-25"/>
        </region -->
        <region iso3166="SV">
            <currency iso4217="SVC" from="1919-11-11"/>
            <currency iso4217="USD" from="2001-01-01"/>
        </region>
        <region iso3166="SY">
            <currency iso4217="SYP" from="1948-01-01"/>
        </region>
        <region iso3166="SZ">
            <currency iso4217="SZL" from="1974-09-06"/>
            <!-- currency iso4217="ZAR" from="1961-02-14"/ --><!-- Not listed in the 2001 or 2004 list -->
        </region>
        <region iso3166="TC">
            <currency iso4217="USD" from="1969-09-08"/>
            <!-- currency iso4217="JMD" from="1969-09-08"/ --><!-- Not listed in the 2001 or 2004 list -->
            <!-- currency iso4217="TCC" from="1969-09-08"/ --><!-- Not listed in the 2001 or 2004 list -->
        </region>
        <region iso3166="TD">
            <currency iso4217="XAF" from="1993-01-01"/>
        </region>
        <region iso3166="TF">
        <!-- Part of the Antarctic claimed by France (whose sovereignty is not recognised 
        internationally), makes up the French Southern and Antarctic Lands (TAAF) 
        administered from Saint-Pierre de la Réunion. No indigenous population -->
            <currency iso4217="EUR" from="1999-01-01"/>
            <currency iso4217="FRF" from="1959-01-01" to="2002-02-17"/>
        </region>
        <region iso3166="TG">
            <currency iso4217="XOF" from="1958-11-28"/>
        </region>
        <region iso3166="TH">
            <currency iso4217="THB" from="1928-04-15"/>
        </region>
        <region iso3166="TJ">
            <currency iso4217="TJS" from="2000-10-26"/>
        </region>
        <region iso3166="TK">
            <currency iso4217="NZD" from="1967-07-10"/>
        </region>
        <region iso3166="TL">
            <currency iso4217="USD" from="1999-10-20"/>
            <currency iso4217="TPE" from="1959-01-02" to="2002-05-20"/>
            <currency iso4217="IDR" from="1975-12-07" to="2002-05-20"/>
        </region>
        <region iso3166="TM">
            <currency iso4217="TMM" from="1993-11-01"/>
            <currency iso4217="RUR" from="1991-12-25" to="1993-11-01"/>
            <currency iso4217="SUR" from="1961-01-01" to="1991-12-25"/>
        </region>
        <region iso3166="TN">
            <currency iso4217="TND" from="1958-11-01"/>
        </region>
        <region iso3166="TO">
            <currency iso4217="TOP" from="1966-02-14"/>
        </region>
        <!-- TP was renamed to TL -->
        <region iso3166="TR">
            <currency iso4217="TRY" from="2005-01-01"/>
            <currency iso4217="TRL" from="1922-11-01" to="2005-12-31"/>
        </region>
        <region iso3166="TT">
            <currency iso4217="TTD" from="1964"/>
        </region>
        <region iso3166="TV">
            <currency iso4217="AUD" from="1966-02-14"/>
            <!-- currency iso4217="TVD" from="1975-10-01"/ --><!-- Not listed in the 2001 or 2004 list -->
        </region>
        <region iso3166="TW">
            <currency iso4217="TWD" from="1949-06-15"/>
        </region>
        <region iso3166="TZ">
            <currency iso4217="TZS" from="1966-06-14"/>
        </region>
        <region iso3166="UA">
            <currency iso4217="UAH" from="1996-09-02"/>
            <!-- Period of hyperinflation -->
            <currency iso4217="UAK" from="1992-11-13" to="1993-10-17"/>
            <currency iso4217="RUR" from="1991-12-25" to="1992-11-13"/>
            <currency iso4217="SUR" from="1961-1-1" to="1991-12-25"/>
        </region>
        <region iso3166="UG">
            <currency iso4217="UGX" from="1987-05-15"/>
            <currency iso4217="UGS" from="1966-08-15" to="1987-05-15"/>
        </region>
        <region iso3166="UM">
            <currency iso4217="USD" from="1944"/>
        </region>
        <region iso3166="US">
            <currency iso4217="USD" from="1792"/>
        </region>
        <region iso3166="UY">
            <currency iso4217="UYU" from="1993-03-01"/>
            <currency iso4217="UYP" from="1975-07-01" to="1993-03-01"/>
        </region>
        <region iso3166="UZ">
            <currency iso4217="UZS" from="1994-07-01"/>
        </region>
        <region iso3166="VA">
            <currency iso4217="EUR" from="1999-01-01"/>
            <currency iso4217="ITL" from="1870-10-19" to="2002-02-28"/>
            <!-- currency iso4217="VAL" from="1929" to="2002-02-28"/ --><!-- Not listed in the 2001 list -->
        </region>
        <region iso3166="VC">
            <currency iso4217="XCD" from="1965-10-06"/>
        </region>
        <region iso3166="VE">
            <currency iso4217="VEB" from="1871-05-11"/>
        </region>
        <region iso3166="VG">
            <currency iso4217="USD" from="1833"/>
            <!-- currency iso4217="VGD" from="1973"/ --><!-- Not listed in the 2001 or 2004 list -->
            <currency iso4217="GBP" from="1833" to="1959"/>
        </region>
        <region iso3166="VI">
            <currency iso4217="USD" from="1837"/>
        </region>
        <region iso3166="VN">
            <currency iso4217="VND" from="1985-09-14"/>
        </region>
        <region iso3166="VU">
            <currency iso4217="VUV" from="1981-01-01"/>
        </region>
        <region iso3166="WF">
            <currency iso4217="XPF" from="1961-07-30"/>
        </region>
        <region iso3166="WS">
            <currency iso4217="WST" from="1967-07-10"/>
        </region>
        <region iso3166="YE">
            <currency iso4217="YER" from="1990-05-22"/>
        </region>
        <region iso3166="YT">
            <currency iso4217="EUR" from="1999-01-01"/>
            <currency iso4217="FRF" from="1976-02-23" to="2002-02-17"/>
            <currency iso4217="KMF" from="1975-01-01" to="1976-02-23"/>
        </region>
        <!-- YU was renamed to CS -->
        <!-- region iso3166="YU" -->
            <!-- currency iso4217="YUM" from="1994-01-24" to="2002-05-15"/ -->
            <!-- Period of hyperinflation -->
            <!-- currency iso4217="YUG" from="1994-01-01" to="1994-07-22"/ --><!-- Not listed in the 2001 or 2004 list -->
            <!-- currency iso4217="YUO" from="1993-10-01" to="1993-12-31"/ --><!-- Not listed in the 2001 or 2004 list -->
            <!-- currency iso4217="YUR" from="1992-07-01" to="1993-10-01"/ --><!-- Not listed in the 2001 or 2004 list -->
            <!-- currency iso4217="YUN" from="1990-01-01" to="1992-07-24"/ -->
            <!-- currency iso4217="YUD" from="1966-01-01" to="1990-01-01"/ -->
        <!-- /region -->
        <region iso3166="ZA">
            <currency iso4217="ZAR" from="1961-02-14"/>
        </region>
        <region iso3166="ZM">
            <currency iso4217="ZMK" from="1968-01-16"/>
        </region>
        <!-- Zaire (ZR) was renamed to Democratic Republic of Congo (CD). Look at "CD" for history. -->
        <region iso3166="ZW">
            <currency iso4217="ZWD" from="1980-04-18"/>
        </region>
<!--
The following are fund codes. They are not really in the form of hard currency.
They are mainly interesting to certain parts of the financing industry, and average people won't use them.
-->
<!--
BOV	Bolivia Mvdol
CLF	Unidades de Fomento
ECV	Unidad de Valor Constante
MXV	Mexico Unidad de Inversion
USN	US Dollar (Next day)
USS	US Dollar (same day)
ZAL	South African Financial Rand (02/02/1976-02/06/1983, 09/01/1985-3/13/1995)
-->
<!-- The following are precious metals -->
<!--
XAG	Silver
XAU	Gold
XPD	Palladium
XPT	Platinum
-->
<!-- The following are other various codes of limited usage. -->
<!--
XBA	European Composite Unit (EURCO)
XBB	European Monetary Unit (EMU-6)
XBC	European Unit of Account (EUA-9)
XBD	European Unit of Account (EUA-17)
XDR	Special Drawing Rights (International Monetary Fund)
XEU	European Currency Unit (ECU). EUR should be used instead.
XFO	France Gold Franc
XFU	France UIC-Franc
XRE	RINET Funds Code
XTS	Code specifically reserved for testing purposes
XXX	Code for transations where no currency is involved
-->
    </currencyData>
	<territoryContainment> <!-- based on UN data, at http://unstats.un.org/unsd/methods/m49/m49regin.htm -->
		<group type="001" contains="002 009 019 142 150"/> <!--World -->
		<group type="011" contains="BF BJ CI CV GH GM GN GW LR ML MR NE NG SH SL SN TG"/> <!--Western Africa -->
		<group type="013" contains="BZ CR GT HN MX NI PA SV"/> <!--Central America -->
		<group type="014" contains="BI DJ ER ET KE KM MG MU MW MZ RE RW SC SO TZ UG YT ZM ZW"/> <!--Eastern Africa -->
		<group type="142" contains="030 035 062 145"/> <!--Asia -->
		<group type="145" contains="AE AM AZ BH CY GE IL IQ JO KW LB OM PS QA SA SY TR YE"/> <!--Western Asia -->
		<group type="015" contains="DZ EG EH LY MA SD TN"/> <!--Northern Africa -->
		<group type="150" contains="039 151 154 155"/> <!--Europe -->
		<group type="151" contains="BG BY CZ HU MD PL RO RU SK UA"/> <!--Eastern Europe -->
		<group type="154" contains="830 833 AX DK EE FI FO GB IE IS LT LV NO SE SJ"/> <!--Northern Europe -->
		<group type="155" contains="AT BE CH DE FR LI LU MC NL"/> <!--Western Europe -->
		<group type="017" contains="AO CD CF CG CM GA GQ ST TD"/> <!--Middle Africa -->
		<group type="172" contains="AM AZ BY GE KG KZ MD RU TJ TM UA UZ"/> <!--Commonwealth of Independent States -->
		<group type="018" contains="BW LS NA SZ ZA"/> <!--Southern Africa -->
		<group type="019" contains="005 013 021 029"/> <!--Americas -->
		<group type="002" contains="011 014 015 017 018"/> <!--Africa -->
		<group type="021" contains="BM CA GL PM US"/> <!--Northern America -->
		<group type="029" contains="AG AI AN AW BB BS CU DM DO GD GP HT JM KN KY LC MQ MS PR TC TT VC VG VI"/> <!--Caribbean -->
		<group type="003" contains="013 021 029"/> <!--North America -->
		<group type="030" contains="CN HK JP KP KR MN MO TW"/> <!--Eastern Asia -->
		<group type="035" contains="BN ID KH LA MM MY PH SG TH TL VN"/> <!--South-eastern Asia -->
		<group type="039" contains="AD AL BA ES GI GR HR IT MK MT PT SI SM VA CS"/> <!--Southern Europe -->
		<group type="419" contains="005 013 029"/> <!--Latin America and the Caribbean -->
		<group type="005" contains="AR BO BR CL CO EC FK GF GY PE PY SR UY VE"/> <!--South America -->
		<group type="053" contains="AU NF NZ"/> <!--Australia and New Zealand -->
		<group type="054" contains="FJ NC PG SB VU"/> <!--Melanesia -->
		<group type="057" contains="FM GU KI MH MP NR PW"/> <!--Micronesia -->
		<group type="061" contains="AS CK NU PF PN TK TO TV WF WS"/> <!--Polynesia -->
		<group type="062" contains="AF BD BT IN IR KG KZ LK MV NP PK TJ TM UZ"/> <!--South-central Asia -->
		<group type="009" contains="053 054 057 061 QO"/> <!--Oceania -->
		<group type="QO" contains="AQ BV CC CX GS HM IO TF UM"/> <!--Outlying Oceania -->
	</territoryContainment>
	<languageData>
		<language type="ab" scripts="Cyrl" territories="GE" alt="secondary"/>
		<language type="ab" scripts="Cyrl" territories="TR" alt="secondary"/>
		<language type="af" scripts="Latn" territories="NA ZA"/>
		<language type="am" scripts="Ethi" territories="ET"/>
		<language type="ar" scripts="Arab" territories="AE BH DJ DZ EG EH ER IL IQ JO KM KW LB LY MA MR OM PS QA SA SD SY TD TN YE"/>
		<language type="ar" scripts="Arab" territories="IR" alt="secondary"/>
		<language type="as" scripts="Beng" territories="BD IN"/>
		<language type="ay" scripts="Latn" territories="BO PE"/>
		<language type="az" scripts="Arab Cyrl Latn" territories="AZ IR"/>
		<language type="az" scripts="Arab Cyrl Latn" territories="GE TR" alt="secondary"/>
		<language type="bal" scripts="Arab Latn" territories="PK"/>
		<language type="bal" scripts="Arab Latn" territories="AF IR OM" alt="secondary"/>
		<language type="be" scripts="Cyrl" territories="BY"/>
		<language type="bg" scripts="Cyrl" territories="BG"/>
		<language type="bn" scripts="Beng" territories="BD IN"/>
		<language type="bo" scripts="Tibt" territories="CN IN NP" alt="secondary"/>
		<language type="bs" scripts="Latn" territories="BA"/>
		<language type="bs" scripts="Latn" territories="HR CS" alt="secondary"/>
		<language type="ca" scripts="Latn" territories="AD ES"/>
		<language type="ch" scripts="Latn" territories="GU MP"/>
		<language type="chr" scripts="Latn Cher" territories="US" alt="secondary"/>
		<language type="cpe" scripts="Latn" territories="SL"/>
		<language type="cr" scripts="Cans Latn" territories="CA" alt="secondary"/>
		<language type="cs" scripts="Latn" territories="CZ"/>
		<language type="cy" scripts="Latn" territories="GB"/>
		<language type="da" scripts="Latn" territories="DK GL"/>
		<language type="de" scripts="Latn" territories="AT BE CH DE LI LU NA"/>
		<language type="de" scripts="Latn" territories="IT" alt="secondary"/>
		<language type="dgr" territories="CA" alt="secondary"/>
		<language type="dv" scripts="Thaa" territories="MV"/>
		<language type="dz" scripts="Tibt" territories="BT"/>
		<language type="el" scripts="Grek" territories="CY GR"/>
		<language type="en" scripts="Latn" territories="AG AI AS AU AW BB BM BS BW BZ CA CC CK CM CX DM ER FJ FK FM GB GD GH GI GM GY HK IE IN IO JM KE KI KN KY LC LR LS MH MP MS MT MW NA NF NG NR NU NZ PG PH PK PN PW RW SB SG SH SL SZ TC TK TO TT TZ UG UM US VC VG VI ZA ZM ZW"/>
		<language type="eo" scripts="Latn"/>
		<language type="es" scripts="Latn" territories="AR BO CL CO CR CU DO EC ES GI GQ GT HN MX NI PA PE PR PY SV US UY VE"/>
		<language type="et" scripts="Latn" territories="EE"/>
		<language type="eu" scripts="Latn" territories="ES"/>
		<language type="fa" scripts="Arab" territories="AF IR"/>
		<language type="fi" scripts="Latn" territories="FI SE"/>
		<language type="fil" scripts="Latn" territories="PH"/>		
		<language type="fiu" scripts="Latn" territories="FI SE" alt="secondary"/>
		<language type="fj" scripts="Latn" territories="FJ"/>
		<language type="fo" scripts="Latn" territories="FO"/>
		<language type="fr" scripts="Latn" territories="BE BF BI BJ CA CD CF CG CH CI CM DJ FR GA GF GN GP GQ HT KM LU MC MG ML MQ MR MU NC NE PF PM RE RW SC SN TD TF TG VU WF YT"/>
		<language type="fr" scripts="Latn" territories="IT US" alt="secondary"/> <!-- Italian: official in Valle d'Aosta, US: official in Louisiana -->
		<language type="fy" scripts="Latn" territories="DE NL" alt="secondary"/>
		<language type="ga" scripts="Latn" territories="IE"/>
		<language type="ga" scripts="Latn" territories="GB" alt="secondary"/>
		<language type="gd" scripts="Latn" territories="GB"/>
		<language type="gl" scripts="Latn" territories="ES"/>
		<language type="gn" scripts="Latn" territories="PY"/>
		<language type="gn" scripts="Latn" territories="AR BO" alt="secondary"/>
		<language type="gu" scripts="Gujr" territories="IN"/>
		<language type="gv" scripts="Latn" territories="GB"/>
		<language type="ha" scripts="Arab Latn" territories="NE NG"/>
		<language type="haw" scripts="Latn" territories="US" alt="secondary"/>
		<language type="he" scripts="Hebr" territories="IL"/>
		<language type="hi" scripts="Deva" territories="IN FJ"/>
		<language type="ho" scripts="Latn" territories="PG"/>
		<language type="hr" scripts="Latn" territories="BA HR"/>
		<language type="hr" scripts="Latn" territories="CS" alt="secondary"/>
		<language type="ht" scripts="Latn" territories="HT"/>
		<language type="hu" scripts="Latn" territories="HU"/>
		<language type="hu" scripts="Latn" territories="SI CS" alt="secondary"/>
		<language type="hy" scripts="Armn" territories="AM"/>
		<language type="hy" scripts="Armn" territories="AZ GE IR" alt="secondary"/>
		<language type="id" scripts="Latn" territories="ID"/>
		<language type="is" scripts="Latn" territories="IS"/>
		<language type="it" scripts="Latn" territories="CH IT SM VA"/>
		<language type="it" scripts="Latn" territories="HR SI" alt="secondary"/>
		<language type="iu" scripts="Cans Cyrl Latn" territories="CA GL US RU" alt="secondary"/>
		<language type="ja" scripts="Hani Hira Kana" territories="GU JP PW"/>
		<language type="ka" scripts="Geor" territories="GE"/>
		<language type="kk" scripts="Cyrl" territories="KZ"/>
		<language type="kl" scripts="Latn" territories="GL"/>
		<language type="km" scripts="Khmr" territories="KH"/>
		<language type="kn" scripts="Knda" territories="IN"/>
		<language type="ko" scripts="Hang Hani" territories="KP KR"/>
		<language type="kok" scripts="Deva" territories="IN"/>
		<language type="ks" scripts="Arab Deva" territories="IN"/>
		<language type="ku" scripts="Arab Latn Cyrl" territories="IQ IR TR"/>
		<language type="ku" scripts="Arab Latn Cyrl" territories="SY" alt="secondary"/>
		<language type="ky" scripts="Arab Cyrl" territories="KG"/>
		<language type="ky" scripts="Arab Cyrl" territories="CN" alt="secondary"/>
		<language type="kw" scripts="Latn" territories="GB" alt="secondary"/>
		<language type="la" scripts="Latn" territories="VA"/>
		<language type="lb" scripts="Latn" territories="LU"/>
		<language type="ln" scripts="Latn" territories="CG" />
		<language type="ln" scripts="Latn" territories="CD" alt="secondary"/>
		<language type="lo" scripts="Laoo" territories="LA"/>
		<language type="lt" scripts="Latn" territories="LT"/>
		<language type="lv" scripts="Latn" territories="LV"/>
		<language type="mai" scripts="Deva" territories="IN"/>
		<language type="men" scripts="Latn" territories="GN LR SL"/>
		<language type="mg" scripts="Latn" territories="MG"/>
		<language type="mh" scripts="Latn" territories="MH NR"/>
		<language type="mi" scripts="Latn" territories="CK NZ" alt="secondary"/>
		<language type="mk" scripts="Cyrl" territories="MK"/>
		<language type="ml" scripts="Mlym" territories="IN"/>
		<language type="mn" scripts="Cyrl Mong" territories="MN"/>
		<language type="mni" territories="IN"/>
		<language type="mo" scripts="Latn Cyrl" territories="MD"/>
		<language type="mr" scripts="Deva" territories="IN"/>
		<language type="ms" scripts="Arab Latn" territories="BN CC CX MY SG"/>
		<language type="mt" scripts="Latn" territories="MT"/>
		<language type="my" scripts="Mymr" territories="MM"/>
		<language type="na" scripts="Latn" territories="NR"/>
		<language type="nb" scripts="Latn" territories="NO SJ"/>
		<language type="nd" scripts="Latn" territories="ZA"/>
		<language type="ne" scripts="Deva" territories="NP"/>
		<language type="niu" scripts="Latn" territories="NU"/>
		<language type="nl" scripts="Latn" territories="AN AW BE NL SR"/>
		<language type="nn" scripts="Latn" territories="NO SJ"/>
		<language type="no" scripts="Latn" territories="NO SJ"/>
		<language type="nr" scripts="Latn" territories="ZA"/>
		<language type="nso" scripts="Latn" territories="ZA"/>
		<language type="ny" scripts="Latn" territories="MW"/>
		<language type="ny" scripts="Latn" territories="MZ ZM" alt="secondary"/>
		<language type="oc" scripts="Latn" territories="ES" alt="secondary"/>
		<language type="om" scripts="Latn" territories="ET KE"/>
		<language type="or" scripts="Orya" territories="IN"/>
		<language type="os" scripts="Latn" territories="GE RU" alt="secondary"/>
		<language type="pa" scripts="Arab Guru" territories="IN PK"/>
		<language type="pau" territories="PW"/>
		<language type="pl" scripts="Latn" territories="PL"/>
		<language type="ps" scripts="Arab" territories="AF PK"/>
		<language type="pt" scripts="Latn" territories="AO BR CV GW MO MZ PT ST TL"/>
		<language type="qu" scripts="Latn" territories="BO PE"/>		
		<language type="rm" scripts="Latn" territories="CH" alt="secondary"/>
		<language type="rn" scripts="Latn" territories="BI"/>
		<language type="ro" scripts="Latn" territories="RO"/>
		<language type="ro" scripts="Latn" territories="CS" alt="secondary"/>
		<language type="ru" scripts="Cyrl" territories="BY GE KG KZ RU SJ UA"/>
		<language type="ru" scripts="Cyrl" territories="MD" alt="secondary"/>
		<language type="rw" scripts="Latn" territories="RW"/>
		<language type="sa" scripts="Deva" territories="IN" alt="secondary"/>
		<language type="sd" scripts="Deva Arab" territories="IN PK"/>
		<language type="sg" scripts="Latn" territories="CF"/>
		<language type="si" scripts="Sinh" territories="LK"/>
		<language type="sk" scripts="Latn" territories="SK"/>
		<language type="sk" scripts="Latn" territories="CS" alt="secondary"/>
		<language type="sl" scripts="Latn" territories="SI"/>
		<language type="sm" scripts="Latn" territories="AS WS"/>
		<language type="so" scripts="Latn" territories="DJ SO"/>
		<language type="so" scripts="Latn" territories="ET KE" alt="secondary"/>
		<language type="son" scripts="Latn" territories="BJ ML NE" alt="secondary"/>
		<language type="sq" scripts="Latn" territories="AL MK CS"/>
		<language type="sr" scripts="Cyrl Latn" territories="BA CS"/>
		<language type="sr" scripts="Cyrl Latn" territories="HR" alt="secondary"/>
		<language type="ss" scripts="Latn" territories="SZ ZA"/>
		<language type="st" scripts="Latn" territories="LS ZA"/>
		<language type="sv" scripts="Latn" territories="AX FI SE"/>
		<language type="sw" scripts="Latn" territories="KE TZ YT"/>
		<language type="ta" scripts="Taml" territories="IN LK SG"/>
		<language type="te" scripts="Telu" territories="IN"/>
		<language type="tem" scripts="Latn" territories="SL"/>
		<language type="tet" scripts="Latn" territories="TL"/>
		<language type="th" scripts="Thai" territories="TH"/>
		<language type="ti" scripts="Ethi" territories="ER ET"/>
		<language type="tg" scripts="Arab Cyrl Latn" territories="TJ"/>
		<language type="tk" scripts="Arab Cyrl Latn" territories="TM"/>
		<language type="tk" scripts="Arab Cyrl Latn" territories="AF IR" alt="secondary"/>
		<language type="tkl" scripts="Latn" territories="TK"/>
		<language type="tvl" scripts="Latn" territories="TV"/>
		<language type="tl" scripts="Latn" territories="GU PH"/>
		<language type="tmh" scripts="Latn" territories="ML NE" alt="secondary"/>
		<language type="tn" scripts="Latn" territories="BW ZA"/>
		<language type="to" scripts="Latn" territories="TO"/>
		<language type="tpi" scripts="Latn" territories="PG"/>
		<language type="tr" scripts="Arab Latn" territories="CY TR"/>
		<language type="ts" scripts="Latn" territories="ZA"/>
		<language type="uk" scripts="Cyrl" territories="UA"/>
		<language type="uk" scripts="Cyrl" territories="MD" alt="secondary"/>
		<language type="ur" scripts="Arab" territories="IN PK"/>
		<language type="uz" scripts="Arab Cyrl Latn" territories="UZ"/>
		<language type="uz" scripts="Arab Cyrl Latn" territories="AF" alt="secondary"/>
		<language type="ve" scripts="Latn" territories="ZA"/>
		<language type="vi" scripts="Latn" territories="VN"/>
		<language type="wo" scripts="Latn" territories="GM MR SN"/>
		<language type="xh" scripts="Latn" territories="LS ZA"/>
		<language type="yi" scripts="Hebr"/>
		<language type="zh" scripts="Bopo Hani Hans Hant" territories="CN CX HK MO SG TW"/>
		<language type="zu" scripts="Latn" territories="LS ZA"/>
	</languageData>
	<timezoneData>
		<mapTimezones type="windows">
			<mapZone other="Dateline" type="Etc/GMT+12"/> <!-- S (GMT-12:00) International Date Line West-->
			<mapZone other="Samoa" type="Pacific/Apia"/> <!-- S (GMT-11:00) Midway Island, Samoa-->
			<mapZone other="Hawaiian" type="Pacific/Honolulu"/> <!-- S (GMT-10:00) Hawaii-->
			<mapZone other="Alaskan" type="America/Anchorage"/> <!-- D (GMT-09:00) Alaska-->
			<mapZone other="Pacific" type="America/Los_Angeles"/> <!-- D (GMT-08:00) Pacific Time (US & Canada); Tijuana-->
			<mapZone other="US Mountain" type="America/Phoenix"/> <!-- S (GMT-07:00) Arizona-->
			<mapZone other="Mountain" type="America/Denver"/> <!-- D (GMT-07:00) Mountain Time (US & Canada)-->
			<mapZone other="Mexico Standard Time 2" type="America/Chihuahua"/> <!-- D (GMT-07:00) Chihuahua, La Paz, Mazatlan-->
			<mapZone other="Central America" type="America/Managua"/> <!-- S (GMT-06:00) Central America-->
			<mapZone other="Canada Central" type="America/Regina"/> <!-- S (GMT-06:00) Saskatchewan-->
			<mapZone other="Mexico" type="America/Mexico_City"/> <!-- D (GMT-06:00) Guadalajara, Mexico City, Monterrey-->
			<mapZone other="Central" type="America/Chicago"/> <!-- D (GMT-06:00) Central Time (US & Canada)-->
			<mapZone other="US Eastern" type="America/Indianapolis"/> <!-- S (GMT-05:00) Indiana (East)-->
			<mapZone other="SA Pacific" type="America/Bogota"/> <!-- S (GMT-05:00) Bogota, Lima, Quito-->
			<mapZone other="Eastern" type="America/New_York"/> <!-- D (GMT-05:00) Eastern Time (US & Canada)-->
			<mapZone other="SA Western" type="America/Caracas"/> <!-- S (GMT-04:00) Caracas, La Paz-->
			<mapZone other="Pacific SA" type="America/Santiago"/> <!-- D (GMT-04:00) Santiago-->
			<mapZone other="Atlantic" type="America/Halifax"/> <!-- D (GMT-04:00) Atlantic Time (Canada)-->
			<mapZone other="Newfoundland" type="America/St_Johns"/> <!-- D (GMT-03:30) Newfoundland-->
			<mapZone other="SA Eastern" type="America/Buenos_Aires"/> <!-- S (GMT-03:00) Buenos Aires, Georgetown-->
			<mapZone other="Greenland" type="America/Godthab"/> <!-- D (GMT-03:00) Greenland-->
			<mapZone other="E. South America" type="America/Sao_Paulo"/> <!-- D (GMT-03:00) Brasilia-->
			<mapZone other="Mid-Atlantic" type="America/Noronha"/> <!-- D (GMT-02:00) Mid-Atlantic-->
			<mapZone other="Cape Verde" type="Atlantic/Cape_Verde"/> <!-- S (GMT-01:00) Cape Verde Is.-->
			<mapZone other="Azores" type="Atlantic/Azores"/> <!-- D (GMT-01:00) Azores-->
			<mapZone other="Greenwich" type="Africa/Casablanca"/> <!-- S (GMT) Casablanca, Monrovia-->
			<mapZone other="GMT" type="Europe/London"/> <!-- D (GMT) Greenwich Mean Time : Dublin, Edinburgh, Lisbon, London-->
			<mapZone other="W. Central Africa" type="Africa/Lagos"/> <!-- S (GMT+01:00) West Central Africa-->
			<mapZone other="W. Europe" type="Europe/Berlin"/> <!-- D (GMT+01:00) Amsterdam, Berlin, Bern, Rome, Stockholm, Vienna-->
			<mapZone other="Romance" type="Europe/Paris"/> <!-- D (GMT+01:00) Brussels, Copenhagen, Madrid, Paris-->
			<mapZone other="Central European" type="Europe/Sarajevo"/> <!-- D (GMT+01:00) Sarajevo, Skopje, Warsaw, Zagreb-->
			<mapZone other="Central Europe" type="Europe/Belgrade"/> <!-- D (GMT+01:00) Belgrade, Bratislava, Budapest, Ljubljana, Prague-->
			<mapZone other="South Africa" type="Africa/Johannesburg"/> <!-- S (GMT+02:00) Harare, Pretoria-->
			<mapZone other="Israel" type="Asia/Jerusalem"/> <!-- S (GMT+02:00) Jerusalem-->
			<mapZone other="GTB" type="Europe/Istanbul"/> <!-- D (GMT+02:00) Athens, Istanbul, Minsk-->
			<mapZone other="FLE" type="Europe/Helsinki"/> <!-- D (GMT+02:00) Helsinki, Kyiv, Riga, Sofia, Tallinn, Vilnius-->
			<mapZone other="Egypt" type="Africa/Cairo"/> <!-- D (GMT+02:00) Cairo-->
			<mapZone other="E. Europe" type="Europe/Bucharest"/> <!-- D (GMT+02:00) Bucharest-->
			<mapZone other="E. Africa" type="Africa/Nairobi"/> <!-- S (GMT+03:00) Nairobi-->
			<mapZone other="Arab" type="Asia/Riyadh"/> <!-- S (GMT+03:00) Kuwait, Riyadh-->
			<mapZone other="Russian" type="Europe/Moscow"/> <!-- D (GMT+03:00) Moscow, St. Petersburg, Volgograd-->
			<mapZone other="Arabic" type="Asia/Baghdad"/> <!-- D (GMT+03:00) Baghdad-->
			<mapZone other="Iran" type="Asia/Tehran"/> <!-- D (GMT+03:30) Tehran-->
			<mapZone other="Arabian" type="Asia/Muscat"/> <!-- S (GMT+04:00) Abu Dhabi, Muscat-->
			<mapZone other="Caucasus" type="Asia/Tbilisi"/> <!-- D (GMT+04:00) Baku, Tbilisi, Yerevan-->
			<mapZone other="Afghanistan" type="Asia/Kabul"/> <!-- S (GMT+04:30) Kabul-->
			<mapZone other="West Asia" type="Asia/Karachi"/> <!-- S (GMT+05:00) Islamabad, Karachi, Tashkent-->
			<mapZone other="Ekaterinburg" type="Asia/Yekaterinburg"/> <!-- D (GMT+05:00) Ekaterinburg-->
			<mapZone other="India" type="Asia/Calcutta"/> <!-- S (GMT+05:30) Chennai, Kolkata, Mumbai, New Delhi-->
			<mapZone other="Nepal" type="Asia/Katmandu"/> <!-- S (GMT+05:45) Kathmandu-->
			<mapZone other="Sri Lanka" type="Asia/Colombo"/> <!-- S (GMT+06:00) Sri Jayawardenepura-->
			<mapZone other="Central Asia" type="Asia/Dhaka"/> <!-- S (GMT+06:00) Astana, Dhaka-->
			<mapZone other="N. Central Asia" type="Asia/Novosibirsk"/> <!-- D (GMT+06:00) Almaty, Novosibirsk-->
			<mapZone other="Myanmar" type="Asia/Rangoon"/> <!-- S (GMT+06:30) Rangoon-->
			<mapZone other="SE Asia" type="Asia/Bangkok"/> <!-- S (GMT+07:00) Bangkok, Hanoi, Jakarta-->
			<mapZone other="North Asia" type="Asia/Krasnoyarsk"/> <!-- D (GMT+07:00) Krasnoyarsk-->
			<mapZone other="W. Australia" type="Australia/Perth"/> <!-- S (GMT+08:00) Perth-->
			<mapZone other="Taipei" type="Asia/Taipei"/> <!-- S (GMT+08:00) Taipei-->
			<mapZone other="Singapore" type="Asia/Singapore"/> <!-- S (GMT+08:00) Kuala Lumpur, Singapore-->
			<mapZone other="China" type="Asia/Hong_Kong"/> <!-- S (GMT+08:00) Beijing, Chongqing, Hong Kong, Urumqi-->
			<mapZone other="North Asia East" type="Asia/Irkutsk"/> <!-- D (GMT+08:00) Irkutsk, Ulaan Bataar-->
			<mapZone other="Tokyo" type="Asia/Tokyo"/> <!-- S (GMT+09:00) Osaka, Sapporo, Tokyo-->
			<mapZone other="Korea" type="Asia/Seoul"/> <!-- S (GMT+09:00) Seoul-->
			<mapZone other="Yakutsk" type="Asia/Yakutsk"/> <!-- D (GMT+09:00) Yakutsk-->
			<mapZone other="AUS Central" type="Australia/Darwin"/> <!-- S (GMT+09:30) Darwin-->
			<mapZone other="Cen. Australia" type="Australia/Adelaide"/> <!-- D (GMT+09:30) Adelaide-->
			<mapZone other="West Pacific" type="Pacific/Guam"/> <!-- S (GMT+10:00) Guam, Port Moresby-->
			<mapZone other="E. Australia" type="Australia/Brisbane"/> <!-- S (GMT+10:00) Brisbane-->
			<mapZone other="Vladivostok" type="Asia/Vladivostok"/> <!-- D (GMT+10:00) Vladivostok-->
			<mapZone other="Tasmania" type="Australia/Hobart"/> <!-- D (GMT+10:00) Hobart-->
			<mapZone other="AUS Eastern" type="Australia/Sydney"/> <!-- D (GMT+10:00) Canberra, Melbourne, Sydney-->
			<mapZone other="Central Pacific" type="Asia/Magadan"/> <!-- S (GMT+11:00) Magadan, Solomon Is., New Caledonia-->
			<mapZone other="Fiji" type="Pacific/Fiji"/> <!-- S (GMT+12:00) Fiji, Kamchatka, Marshall Is.-->
			<mapZone other="New Zealand" type="Pacific/Auckland"/> <!-- D (GMT+12:00) Auckland, Wellington-->
			<mapZone other="Tonga" type="Pacific/Tongatapu"/> <!-- S (GMT+13:00) Nuku'alofa-->
		</mapTimezones>
	</timezoneData>
	<metadata>
	    <alias>
		<languageAlias type="in" replacement="id"/>
		<languageAlias type="iw" replacement="he"/>
		<languageAlias type="ji" replacement="yi"/>
		<languageAlias type="jw" replacement="jv"/>
		<languageAlias type="sh_CS" replacement="sr_Latn_CS"/>
		<languageAlias type="sr_CS" replacement="sr_Cyrl_CS"/>
		<languageAlias type="zh_CN" replacement="zh_Hans_CN"/>
		<languageAlias type="zh_HK" replacement="zh_Hant_HK"/>
		<languageAlias type="zh_MO" replacement="zh_Hant_MO"/>
		<languageAlias type="zh_SG" replacement="zh_Hans_SG"/>
		<languageAlias type="zh_TW" replacement="zh_Hant_TW"/>
		<territoryAlias type="BU" replacement="MM"/>
		<territoryAlias type="DY" replacement="BJ"/>
		<territoryAlias type="HV" replacement="BF"/>
		<territoryAlias type="NH" replacement="VU"/>
		<territoryAlias type="RH" replacement="ZW"/>
		<territoryAlias type="TP" replacement="TL"/>
		<territoryAlias type="YU" replacement="CS"/>
		<territoryAlias type="ZR" replacement="CD"/>
	    </alias>
	    <deprecated>
		<deprecatedItems elements="monthNames monthAbbr localizedPatternChars"/>
		<deprecatedItems attributes="standard"/>
		<deprecatedItems elements="variant" attributes="type" values="BOKMAL NYNORSK AALAND"/>
		<deprecatedItems type="supplemental" elements="alternate"/>
	    </deprecated>
	</metadata>
</supplementalData>
