<?xml version="1.0" encoding="UTF-8" ?>
<!DOCTYPE ldml SYSTEM "http://www.unicode.org/cldr/dtd/1.3/ldml.dtd">
<ldml>
	<identity>
		<version number="$Revision: 1.18 $"/>
		<generation date="$Date: 2005/03/18 01:03:36 $"/>
		<language type="ar" /> 
	</identity>
		<collations  validSubLocales="ar_AE ar_BH ar_DZ ar_EG ar_IN ar_IQ ar_JO ar_KW ar_LB ar_LY ar_MA ar_OM ar_QA ar_SA ar_SD ar_SY ar_TN ar_YE">
			<collation type="standard" >
				<rules>
					<reset>ة</reset>
					<i>ت</i>
				</rules>
			</collation  >
		</collations>
</ldml>
