<?xml version="1.0" encoding="UTF-8" ?>
<!DOCTYPE ldml SYSTEM "http://www.unicode.org/cldr/dtd/1.3/ldml.dtd">
<ldml>
	<identity>
		<version number="$Revision: 1.18 $"/>
		<generation date="$Date: 2005/03/18 01:03:36 $"/>
		<language type="et" /> 
	</identity>
		<collations  validSubLocales="et_EE">
			<collation type="standard" >
				<rules>
					<reset before="primary">T</reset>
					<p>š</p>
					<t>Š</t>
					<p>z</p>
					<t>Z</t>
					<p>ž</p>
					<t>Ž</t>
					<reset>v</reset>
					<s>w</s>
					<t>W</t>
					<reset before="primary">X</reset>
					<p>õ</p>
					<t>Õ</t>
					<p>ä</p>
					<t>Ä</t>
					<p>ö</p>
					<t>Ö</t>
					<p>ü</p>
					<t>Ü</t>
				</rules>
			</collation  >
		</collations>
</ldml>
