<?xml version="1.0" encoding="UTF-8" ?>
<!DOCTYPE ldml SYSTEM "http://www.unicode.org/cldr/dtd/1.3/ldml.dtd">
<ldml>
	<identity>
		<version number="$Revision: 1.19 $"/>
		<generation date="$Date: 2005/03/18 01:03:36 $"/>
		<language type="gu" /> 
	</identity>
		<collations  validSubLocales="gu_IN">
			<collation type="standard" >
				<settings normalization="on"  />
				<rules>
					<reset>હ</reset>
					<pc>઼ઁંઃ</pc>
					<reset>ઽ</reset>
					<p>્</p>
				</rules>
			</collation  >
		</collations>
</ldml>
