<?xml version="1.0" encoding="UTF-8" ?>
<!DOCTYPE ldml SYSTEM "http://www.unicode.org/cldr/dtd/1.3/ldml.dtd">
<ldml draft="true">
	<identity>
		<version number="$Revision: 1.3 $"/>
		<generation date="$Date: 2005/03/22 00:12:17 $" />
		<language type="haw" /> 
	</identity>
		<collations>
			<collation type="standard" >
				<rules>
					<reset>a</reset>
					<pc>eiouhklmnpwʻ</pc>
					<reset>a</reset>
					<t>A</t>
					<reset>e</reset>
					<t>E</t>
					<reset>i</reset>
					<t>I</t>
					<reset>o</reset>
					<t>O</t>
					<reset>u</reset>
					<t>U</t>
					<reset>h</reset>
					<t>H</t>
					<reset>k</reset>
					<t>K</t>
					<reset>l</reset>
					<t>L</t>
					<reset>m</reset>
					<t>M</t>
					<reset>n</reset>
					<t>N</t>
					<reset>p</reset>
					<t>P</t>
					<reset>w</reset>
					<t>W</t>
				</rules>
			</collation>
		</collations>
</ldml>
