<?xml version="1.0" encoding="UTF-8" ?>
<!DOCTYPE ldml SYSTEM "http://www.unicode.org/cldr/dtd/1.3/ldml.dtd">
<ldml>
	<identity>
		<version number="$Revision: 1.19 $"/>
		<generation date="$Date: 2005/03/18 01:03:36 $"/>
		<language type="it" /> 
	</identity>
	<collations  validSubLocales="it_CH it_IT">
		<collation type="standard" >
			<rules>
				<reset>ae</reset>
				<s>æ</s>
				<t>Æ</t>
<!--
				<reset>A</reset>
				<x><s>Æ</s><extend>E</extend></x>
				<reset>a</reset>
				<x><s>æ</s><extend>e</extend></x>
-->
			</rules>
		</collation  >
	</collations>
</ldml>
