<?xml version="1.0" encoding="UTF-8" ?>
<!DOCTYPE ldml SYSTEM "http://www.unicode.org/cldr/dtd/1.3/ldml.dtd">
<!--
	Prepared by: R. Hari, Sr. IT Specialist, IBM India Ltd., India
	Inputs from : Dr. V. Saratchandran Nair, Principal, South Regional
	Language Centre, Mysore, India
	Last update: 27/September/2004
	UCA tailoring by Vladimir Weinstein 10/05/2004
-->
<ldml draft = "true">
	<identity>
		<version number="$Revision: 1.5 $"/>
		<generation date="$Date: 2005/03/18 01:03:36 $"/>
		<language type="ml" /> 
	</identity>
		<collations  validSubLocales="ml_IN">
			<collation type="standard" >
				<settings normalization="on"  />
				<rules>
					<reset>ല</reset>
					<p>വ</p>
					<reset>ഴ</reset>
					<p>റ</p>
					<reset>ഹ</reset>
					<p>ഃ</p>
					<p>ം</p>
				</rules>
			</collation  >
		</collations>
</ldml>
