<?xml version="1.0" encoding="UTF-8" ?>
<!DOCTYPE ldml SYSTEM "http://www.unicode.org/cldr/dtd/1.3/ldml.dtd">
<ldml>
	<identity>
		<version number="$Revision: 1.18 $"/>
		<generation date="$Date: 2005/03/18 01:03:36 $"/>
		<language type="mt" /> 
	</identity>
		<collations  validSubLocales="mt_MT">
			<collation type="standard" >
				<settings caseFirst="upper"  />
				<rules>
					<reset before="primary">d</reset>
					<p>Ċ</p>
					<t>ċ</t>
					<reset before="primary">g</reset>
					<p>Ġ</p>
					<t>ġ</t>
					<reset before="primary">h</reset>
					<p>GĦ</p>
					<t>Għ</t>
					<t>gĦ</t>
					<t>għ</t>
					<reset before="primary">i</reset>
					<p>Ħ</p>
					<t>ħ</t>
					<reset before="primary">z</reset>
					<p>Ż</p>
					<t>ż</t>
				</rules>
			</collation  >
		</collations>
</ldml>
