<?xml version="1.0" encoding="UTF-8" ?>
<!DOCTYPE ldml SYSTEM "http://www.unicode.org/cldr/dtd/1.3/ldml.dtd">
<!--
 	Prepared by: R. Hari, Sr. IT Specialist, IBM India Ltd., India
	Inputs from : Dr. B.L. Mohanty, Lecturer, Eastern Regional Language
	Centre, Bhubaneswar, India
	Last update: 27/September/2004
	UCA tailoring by Vladimir Weinstein 10/04/2004
-->
<ldml draft = "true">
	<identity>
		<version number="$Revision: 1.5 $"/>
		<generation date="$Date: 2005/03/18 01:03:36 $"/>
		<language type="or" /> 
	</identity>
		<collations  validSubLocales="or_IN">
			<collation type="standard" >
				<settings normalization="on"  />
				<rules>
					<reset>ହ</reset>
					<p>କ୍ଷ</p>
					<pc>ଡ଼ଢ଼ୟୱଵଂଃଁ଼୍</pc>
					<!-- UCA continues with ଽ, avagraha, and
					the rest of the order is correct (weiv)-->
				</rules>
			</collation  >
		</collations>
</ldml>
