<?xml version="1.0" encoding="UTF-8" ?>
<!DOCTYPE ldml SYSTEM "http://www.unicode.org/cldr/dtd/1.3/ldml.dtd">
<ldml>
	<identity>
		<version number="$Revision: 1.20 $"/>
		<generation date="$Date: 2005/05/24 23:22:04 $"/>
		<language type="aa"/>
	</identity>
	<localeDisplayNames>
		<languages>
			<language type="aa" draft="true">Qafar</language>
			<language type="ar" draft="true">Arabic</language>
			<language type="de" draft="true">German</language>
			<language type="en" draft="true">English</language>
			<language type="es" draft="true">Spanish</language>
			<language type="fr" draft="true">French</language>
			<language type="hi" draft="true">Hindi</language>
			<language type="it" draft="true">Italian</language>
			<language type="ja" draft="true">Japanese</language>
			<language type="pt" draft="true">Portuguese</language>
			<language type="ru" draft="true">Russian</language>
			<language type="zh" draft="true">Chinese</language>
		</languages>
		<scripts>
			<script type="Latn" draft="true">Latin</script>
		</scripts>
		<territories>
			<territory type="BR" draft="true">Brazil</territory>
			<territory type="CN" draft="true">China</territory>
			<territory type="DE" draft="true">Germany</territory>
			<territory type="DJ" draft="true">Yabuuti</territory>
			<territory type="ER" draft="true">Eretria</territory>
			<territory type="ET" draft="true">Otobbia</territory>
			<territory type="FR" draft="true">France</territory>
			<territory type="GB" draft="true">United Kingdom</territory>
			<territory type="IN" draft="true">India</territory>
			<territory type="IT" draft="true">Italy</territory>
			<territory type="JP" draft="true">Japan</territory>
			<territory type="RU" draft="true">Russia</territory>
			<territory type="US" draft="true">United States</territory>
		</territories>
	</localeDisplayNames>
	<characters>
		<exemplarCharacters draft="true">[a-z]</exemplarCharacters>
	</characters>
	<dates>
		<calendars>
			<calendar type="gregorian">
				<months>
					<monthContext type="format">
						<monthWidth type="abbreviated">
							<month type="1" draft="true">Qun</month>
							<month type="2" draft="true">Nah</month>
							<month type="3" draft="true">Cig</month>
							<month type="4" draft="true">Agd</month>
							<month type="5" draft="true">Cax</month>
							<month type="6" draft="true">Qas</month>
							<month type="7" draft="true">Qad</month>
							<month type="8" draft="true">Leq</month>
							<month type="9" draft="true">Way</month>
							<month type="10" draft="true">Dit</month>
							<month type="11" draft="true">Xim</month>
							<month type="12" draft="true">Kax</month>
						</monthWidth>
						<monthWidth type="wide">
							<month type="1" draft="true">Qunxa Garablu</month>
							<month type="2" draft="true">Naharsi Kudo</month>
							<month type="3" draft="true">Ciggilta Kudo</month>
							<month type="4" draft="true">Agda Baxisso</month>
							<month type="5" draft="true">Caxah Alsa</month>
							<month type="6" draft="true">Qasa Dirri</month>
							<month type="7" draft="true">Qado Dirri</month>
							<month type="8" draft="true">Leqeeni</month>
							<month type="9" draft="true">Waysu</month>
							<month type="10" draft="true">Diteli</month>
							<month type="11" draft="true">Ximoli</month>
							<month type="12" draft="true">Kaxxa Garablu</month>
						</monthWidth>
					</monthContext>
					<monthContext type="stand-alone">
						<monthWidth type="narrow">
							<month type="1" draft="true">Q</month>
							<month type="2" draft="true">N</month>
							<month type="3" draft="true">C</month>
							<month type="4" draft="true">A</month>
							<month type="5" draft="true">C</month>
							<month type="6" draft="true">Q</month>
							<month type="7" draft="true">Q</month>
							<month type="8" draft="true">L</month>
							<month type="9" draft="true">W</month>
							<month type="10" draft="true">D</month>
							<month type="11" draft="true">X</month>
							<month type="12" draft="true">K</month>
						</monthWidth>
					</monthContext>
				</months>
				<days>
					<dayContext type="format">
						<dayWidth type="abbreviated">
							<day type="sun" draft="true">Aca</day>
							<day type="mon" draft="true">Etl</day>
							<day type="tue" draft="true">Tal</day>
							<day type="wed" draft="true">Arb</day>
							<day type="thu" draft="true">Kam</day>
							<day type="fri" draft="true">Gum</day>
							<day type="sat" draft="true">Sab</day>
						</dayWidth>
						<dayWidth type="wide">
							<day type="sun" draft="true">Acaada</day>
							<day type="mon" draft="true">Etleeni</day>
							<day type="tue" draft="true">Talaata</day>
							<day type="wed" draft="true">Arbaqa</day>
							<day type="thu" draft="true">Kamiisi</day>
							<day type="fri" draft="true">Gumqata</day>
							<day type="sat" draft="true">Sabti</day>
						</dayWidth>
					</dayContext>
					<dayContext type="stand-alone">
						<dayWidth type="narrow">
							<day type="sun" draft="true">A</day>
							<day type="mon" draft="true">E</day>
							<day type="tue" draft="true">T</day>
							<day type="wed" draft="true">A</day>
							<day type="thu" draft="true">K</day>
							<day type="fri" draft="true">G</day>
							<day type="sat" draft="true">S</day>
						</dayWidth>
					</dayContext>
				</days>
				<week>
					<firstDay day="sat" draft="true"/>
				</week>
				<am draft="true">saaku</am>
				<pm draft="true">carra</pm>
				<eras>
					<eraAbbr>
						<era type="0" draft="true">Yaasuusuk Duma</era>
						<era type="1" draft="true">Yaasuusuk Wadir</era>
					</eraAbbr>
				</eras>
				<dateFormats>
					<dateFormatLength type="full">
						<dateFormat>
							<pattern draft="true">EEEE, MMMM dd, yyyy</pattern>
						</dateFormat>
					</dateFormatLength>
					<dateFormatLength type="long">
						<dateFormat>
							<pattern draft="true">dd MMMM yyyy</pattern>
						</dateFormat>
					</dateFormatLength>
					<dateFormatLength type="medium">
						<dateFormat>
							<pattern draft="true">dd-MMM-yyyy</pattern>
						</dateFormat>
					</dateFormatLength>
					<dateFormatLength type="short">
						<dateFormat>
							<pattern draft="true">dd/MM/yy</pattern>
						</dateFormat>
					</dateFormatLength>
				</dateFormats>
				<timeFormats>
					<timeFormatLength type="full">
						<timeFormat>
							<pattern draft="true">h:mm:ss a</pattern>
						</timeFormat>
					</timeFormatLength>
					<timeFormatLength type="long">
						<timeFormat>
							<pattern draft="true">h:mm:ss a</pattern>
						</timeFormat>
					</timeFormatLength>
					<timeFormatLength type="medium">
						<timeFormat>
							<pattern draft="true">h:mm:ss a</pattern>
						</timeFormat>
					</timeFormatLength>
					<timeFormatLength type="short">
						<timeFormat>
							<pattern draft="true">h:mm a</pattern>
						</timeFormat>
					</timeFormatLength>
				</timeFormats>
			</calendar>
		</calendars>
	</dates>
	<numbers>
		<currencies>
			<currency type="BRL">
				<displayName draft="true">Brazilian Real</displayName>
			</currency>
			<currency type="CNY">
				<displayName draft="true">Chinese Yuan Renminbi</displayName>
			</currency>
			<currency type="DJF">
				<symbol draft="true">FD</symbol>
			</currency>
			<currency type="ERN">
				<symbol draft="true">$</symbol>
			</currency>
			<currency type="EUR">
				<displayName draft="true">Euro</displayName>
			</currency>
			<currency type="GBP">
				<displayName draft="true">British Pound Sterling</displayName>
			</currency>
			<currency type="INR">
				<displayName draft="true">Indian Rupee</displayName>
			</currency>
			<currency type="JPY">
				<displayName draft="true">Japanese Yen</displayName>
			</currency>
			<currency type="RUB">
				<displayName draft="true">Russian Ruble</displayName>
			</currency>
			<currency type="USD">
				<displayName draft="true">US Dollar</displayName>
				<symbol draft="true">US$</symbol>
			</currency>
		</currencies>
	</numbers>
</ldml>

