<?xml version="1.0" encoding="UTF-8" ?>
<!DOCTYPE ldml SYSTEM "http://www.unicode.org/cldr/dtd/1.3/ldml.dtd">
<ldml>
	<identity>
		<version number="$Revision: 1.16 $"/>
		<generation date="$Date: 2005/04/21 06:35:48 $"/>
		<language type="aa"/>
		<territory type="ER"/>
		<variant type="SAAHO"/>
	</identity>
	<dates>
		<calendars>
			<calendar type="gregorian">
				<days>
					<dayContext type="format">
						<dayWidth type="abbreviated">
							<day type="sun" draft="true">Nab</day>
							<day type="mon" draft="true">San</day>
							<day type="tue" draft="true">Sal</day>
							<day type="wed" draft="true">Rab</day>
							<day type="thu" draft="true">Cam</day>
							<day type="fri" draft="true">Jum</day>
							<day type="sat" draft="true">Qun</day>
						</dayWidth>
						<dayWidth type="wide">
							<day type="sun" draft="true">Naba Sambat</day>
							<day type="mon" draft="true">Sani</day>
							<day type="tue" draft="true">Salus</day>
							<day type="wed" draft="true">Rabuq</day>
							<day type="thu" draft="true">Camus</day>
							<day type="fri" draft="true">Jumqata</day>
							<day type="sat" draft="true">Qunxa Sambat</day>
						</dayWidth>
					</dayContext>
				</days>
			</calendar>
		</calendars>
	</dates>
</ldml>

