<?xml version="1.0" encoding="UTF-8" ?>
<!DOCTYPE ldml SYSTEM "http://www.unicode.org/cldr/dtd/1.3/ldml.dtd">
<ldml>
	<identity>
		<version number="$Revision: 1.24 $"/>
		<generation date="$Date: 2005/05/24 21:21:37 $"/>
		<language type="az"/>
	</identity>
	<localeDisplayNames>
		<languages>
			<language type="az">azərbaycanca</language>
		</languages>
		<territories>
			<territory type="AZ">Azərbaycan</territory>
		</territories>
	</localeDisplayNames>
	<characters>
		<exemplarCharacters>[a-vx-zçəğıİöşü]</exemplarCharacters>
	</characters>
	<delimiters>
		<quotationStart draft="true">‘</quotationStart>
		<quotationEnd draft="true">’</quotationEnd>
		<alternateQuotationStart draft="true">“</alternateQuotationStart>
		<alternateQuotationEnd draft="true">”</alternateQuotationEnd>
	</delimiters>
	<dates>
		<calendars>
			<calendar type="gregorian">
				<months>
					<monthContext type="format">
						<monthWidth type="abbreviated">
							<month type="1" draft="true">yan</month>
							<month type="2" draft="true">fev</month>
							<month type="3" draft="true">mar</month>
							<month type="4" draft="true">apr</month>
							<month type="5" draft="true">may</month>
							<month type="6" draft="true">iyn</month>
							<month type="7" draft="true">iyl</month>
							<month type="8" draft="true">avq</month>
							<month type="9" draft="true">sen</month>
							<month type="10" draft="true">okt</month>
							<month type="11" draft="true">noy</month>
							<month type="12" draft="true">dek</month>
						</monthWidth>
						<monthWidth type="wide">
							<month type="1" draft="true">Yanvar</month>
							<month type="2" draft="true">Fevral</month>
							<month type="3" draft="true">Mart</month>
							<month type="4" draft="true">Aprel</month>
							<month type="5" draft="true">May</month>
							<month type="6" draft="true">İyun</month>
							<month type="7" draft="true">İyul</month>
							<month type="8" draft="true">Avqust</month>
							<month type="9" draft="true">Sentyabr</month>
							<month type="10" draft="true">Oktyabr</month>
							<month type="11" draft="true">Noyabr</month>
							<month type="12" draft="true">Dekabr</month>
						</monthWidth>
					</monthContext>
				</months>
				<days>
					<dayContext type="format">
						<dayWidth type="abbreviated">
							<day type="sun" draft="true">B.</day>
							<day type="mon" draft="true">B.e.</day>
							<day type="tue" draft="true">Ç.a.</day>
							<day type="wed" draft="true">Ç.</day>
							<day type="thu" draft="true">C.a.</day>
							<day type="fri" draft="true">C.</day>
							<day type="sat" draft="true">Ş.</day>
						</dayWidth>
						<dayWidth type="wide">
							<day type="sun" draft="true">bazar</day>
							<day type="mon" draft="true">bazar ertəsi</day>
							<day type="tue" draft="true">çərşənbə axşam</day>
							<day type="wed" draft="true">çərşənbə</day>
							<day type="thu" draft="true">cümə axşamı</day>
							<day type="fri" draft="true">cümə axşamı</day>
							<day type="fri" alt="proposed" draft="true">cümə</day>
							<day type="sat" draft="true">şənbə</day>
						</dayWidth>
					</dayContext>
				</days>
				<eras>
					<eraNames>
						<era type="0" draft="true">eramızdan əvvəl</era>
						<era type="1" draft="true">bizim eramızın</era>
					</eraNames>
					<eraAbbr>
						<era type="0" draft="true">e.ə.</era>
						<era type="1" draft="true">b.e.</era>
					</eraAbbr>
				</eras>
			</calendar>
		</calendars>
	</dates>
	<numbers>
		<symbols>
			<decimal draft="true">,</decimal>
			<group draft="true"> </group>
		</symbols>
		<currencies>
			<currency type="AZM">
				<displayName>Manat</displayName>
				<symbol>man.</symbol>
			</currency>
		</currencies>
	</numbers>
</ldml>

