<?xml version="1.0" encoding="UTF-8" ?>
<!DOCTYPE ldml SYSTEM "http://www.unicode.org/cldr/dtd/1.3/ldml.dtd">
<ldml>
	<identity>
		<version number="$Revision: 1.6 $"/>
		<generation date="$Date: 2005/05/24 21:21:37 $"/>
		<language type="az"/>
		<script type="Cyrl"/>
	</identity>
	<localeDisplayNames>
		<languages>
			<language type="az" draft="true">Азәрбајҹан</language>
		</languages>
		<territories>
			<territory type="AZ" draft="true">Азәрбајҹан</territory>
		</territories>
	</localeDisplayNames>
	<characters>
		<exemplarCharacters draft="true">[а-ик-хчшыјғҝүҹһәө]</exemplarCharacters>
	</characters>
	<dates>
		<calendars>
			<calendar type="gregorian">
				<months>
					<monthContext type="format">
						<monthWidth type="wide">
							<month type="1" draft="true">јанвар</month>
							<month type="2" draft="true">феврал</month>
							<month type="3" draft="true">март</month>
							<month type="4" draft="true">апрел</month>
							<month type="5" draft="true">май</month>
							<month type="6" draft="true">ијун</month>
							<month type="7" draft="true">ијул</month>
							<month type="8" draft="true">август</month>
							<month type="9" draft="true">сентјабр</month>
							<month type="10" draft="true">октјабр</month>
							<month type="11" draft="true">нојабр</month>
							<month type="12" draft="true">декабр</month>
						</monthWidth>
					</monthContext>
				</months>
				<days>
					<dayContext type="format">
						<dayWidth type="wide">
							<day type="sun" draft="true">базар</day>
							<day type="mon" draft="true">базар ертәси</day>
							<day type="tue" draft="true">чәршәнбә ахшамы</day>
							<day type="wed" draft="true">чәршәнбә</day>
							<day type="thu" draft="true">ҹүмә ахшамы</day>
							<day type="fri" draft="true">ҹүмә</day>
							<day type="sat" draft="true">шәнбә</day>
						</dayWidth>
					</dayContext>
				</days>
			</calendar>
		</calendars>
	</dates>
	<numbers>
		<currencies>
			<currency type="AZM">
				<displayName draft="true">манат</displayName>
				<symbol>ман.</symbol>
			</currency>
		</currencies>
	</numbers>
</ldml>

