<?xml version="1.0" encoding="UTF-8" ?>
<!DOCTYPE ldml SYSTEM "http://www.unicode.org/cldr/dtd/1.3/ldml.dtd">
<ldml>
	<identity>
		<version number="$Revision: 1.23 $"/>
		<generation date="$Date: 2005/05/03 16:03:25 $"/>
		<language type="cy"/>
	</identity>
	<localeDisplayNames>
		<languages>
			<language type="ar">Arabeg</language>
			<language type="cy">Cymraeg</language>
			<language type="de">Almaeneg</language>
			<language type="en">Saesneg</language>
			<language type="es">Sbaeneg</language>
			<language type="fr">Ffrangeg</language>
			<language type="hi">Hindi</language>
			<language type="it">Eidaleg</language>
			<language type="ja">Siapaneeg</language>
			<language type="pt">Portiwgaleg</language>
			<language type="ru">Rwsieg</language>
			<language type="zh">Tseineeg</language>
		</languages>
		<scripts>
			<script type="Latn">Lladin</script>
		</scripts>
		<territories>
			<territory type="001" draft="true">Y Byd</territory>
			<territory type="002" draft="true">Affrica</territory>
			<territory type="005" draft="true">De America</territory>
			<territory type="009" draft="true">Oceania</territory>
			<territory type="011" draft="true">Gorllewin Affrica</territory>
			<territory type="013" draft="true">Canolbarth America</territory>
			<territory type="014" draft="true">Dwyrain Affrica</territory>
			<territory type="015" draft="true">Gogledd Affrica</territory>
			<territory type="017" draft="true">Canol Affrica</territory>
			<territory type="018" draft="true">De Affrica</territory>
			<territory type="019" draft="true">Americas</territory>
			<territory type="021" draft="true">Gogledd America</territory>
			<territory type="029" draft="true">Y Caribî</territory>
			<territory type="030" draft="true">Dwyrain Asia</territory>
			<territory type="035" draft="true">De ddwyrain Asia</territory>
			<territory type="039" draft="true">De Ewrop</territory>
			<territory type="053" draft="true">Awstralia a Seland Newydd</territory>
			<territory type="054" draft="true">Melanesia</territory>
			<territory type="057" draft="true">Micronesia</territory>
			<territory type="061" draft="true">Polynesia</territory>
			<territory type="062" draft="true">De Canol Asia</territory>
			<territory type="142" draft="true">Asia</territory>
			<territory type="145" draft="true">Gorllewin Asia</territory>
			<territory type="150" draft="true">Ewrop</territory>
			<territory type="151" draft="true">Dwyrain Ewrop</territory>
			<territory type="154" draft="true">Gogledd Ewrop</territory>
			<territory type="155" draft="true">Gorllewin Ewrop</territory>
			<territory type="830" draft="true">Ynysoedd y Sianel</territory>
			<territory type="833" draft="true">Ynys Manaw</territory>
			<territory type="AD" draft="true">Andorra</territory>
			<territory type="AE" draft="true">Emiraethau Arabaidd Unedig</territory>
			<territory type="AF" draft="true">Affganistan</territory>
			<territory type="AG" draft="true">Antigwa a Barbuda</territory>
			<territory type="AI" draft="true">Anguilla</territory>
			<territory type="AL" draft="true">Albania</territory>
			<territory type="AM" draft="true">Armenia</territory>
			<territory type="AN" draft="true">Ynysoedd Caribî yr Iseldiroedd</territory>
			<territory type="AO" draft="true">Angola</territory>
			<territory type="AQ" draft="true">Antarctica</territory>
			<territory type="AR" draft="true">Yr Ariannin</territory>
			<territory type="AS" draft="true">Samoa Americanaidd</territory>
			<territory type="AT" draft="true">Awstria</territory>
			<territory type="AU" draft="true">Awstralia</territory>
			<territory type="AW" draft="true">Aruba</territory>
			<territory type="AX" draft="true">Ynysoedd Aland</territory>
			<territory type="AZ" draft="true">Azerbaijan</territory>
			<territory type="BA" draft="true">Bosnia a Herzegovina</territory>
			<territory type="BB" draft="true">Barbados</territory>
			<territory type="BD" draft="true">Bangladesh</territory>
			<territory type="BE" draft="true">Gwlad Belg</territory>
			<territory type="BF" draft="true">Burkina Faso</territory>
			<territory type="BG" draft="true">Bwlgaria</territory>
			<territory type="BH" draft="true">Bahrain</territory>
			<territory type="BI" draft="true">Burundi</territory>
			<territory type="BJ" draft="true">Benin</territory>
			<territory type="BM" draft="true">Bermwda</territory>
			<territory type="BN" draft="true">Brunei</territory>
			<territory type="BO" draft="true">Bolifia</territory>
			<territory type="BR" draft="true">Brasil</territory>
			<territory type="BS" draft="true">Y Bahamas</territory>
			<territory type="BT" draft="true">Bhwtan</territory>
			<territory type="BV" draft="true">Ynys Bouvet</territory>
			<territory type="BW" draft="true">Botswana</territory>
			<territory type="BY" draft="true">Belarws</territory>
			<territory type="BZ" draft="true">Belize</territory>
			<territory type="CA" draft="true">Canada</territory>
			<territory type="CC" draft="true">Ynysoedd Cocos (Keeling)</territory>
			<territory type="CD" draft="true">Gweriniaeth Ddemocrataidd y Congo</territory>
			<territory type="CF" draft="true">Gweriniaeth Canol Affrica</territory>
			<territory type="CG" draft="true">Congo</territory>
			<territory type="CH" draft="true">Y Swistir</territory>
			<territory type="CI" draft="true">Côte d’Ivoire</territory>
			<territory type="CK" draft="true">Ynysoedd Cook</territory>
			<territory type="CL" draft="true">Chile</territory>
			<territory type="CM" draft="true">Y Camerŵn</territory>
			<territory type="CN" draft="true">Tseina</territory>
			<territory type="CO" draft="true">Colombia</territory>
			<territory type="CR" draft="true">Costa Rica</territory>
			<territory type="CU" draft="true">Ciwba</territory>
			<territory type="CV" draft="true">Cape Verde</territory>
			<territory type="CX" draft="true">Ynys y Nadolig</territory>
			<territory type="CY" draft="true">Cyprus</territory>
			<territory type="CZ" draft="true">Gweriniaeth Tsiec</territory>
			<territory type="DE" draft="true">Yr Almaen</territory>
			<territory type="DJ" draft="true">Djibouti</territory>
			<territory type="DK" draft="true">Denmarc</territory>
			<territory type="DM" draft="true">Dominica</territory>
			<territory type="DO" draft="true">Y Weriniaeth Ddominicaidd</territory>
			<territory type="DZ" draft="true">Algeria</territory>
			<territory type="EC" draft="true">Ecwador</territory>
			<territory type="EE" draft="true">Estonia</territory>
			<territory type="EG" draft="true">Yr Aifft</territory>
			<territory type="EH" draft="true">Gorllewin Sahara</territory>
			<territory type="ER" draft="true">Eritrea</territory>
			<territory type="ES" draft="true">Sbaen</territory>
			<territory type="ET" draft="true">Ethiopia</territory>
			<territory type="FI" draft="true">Y Ffindir</territory>
			<territory type="FJ" draft="true">Fiji</territory>
			<territory type="FK" draft="true">Ynysoedd y Falkland</territory>
			<territory type="FM" draft="true">Micronesia</territory>
			<territory type="FO" draft="true">Ynysoedd Ffaröe</territory>
			<territory type="FR" draft="true">Ffrainc</territory>
			<territory type="GA" draft="true">Gabon</territory>
			<territory type="GB">Prydain Fawr</territory>
			<territory type="GD" draft="true">Grenada</territory>
			<territory type="GE" draft="true">Georgia</territory>
			<territory type="GF" draft="true">Giana Ffrengig</territory>
			<territory type="GH" draft="true">Ghana</territory>
			<territory type="GI" draft="true">Gibraltar</territory>
			<territory type="GL" draft="true">Yr Ynys Las</territory>
			<territory type="GM" draft="true">Gambia</territory>
			<territory type="GN" draft="true">Gini</territory>
			<territory type="GP" draft="true">Guadeloupe</territory>
			<territory type="GQ" draft="true">Gini Gyhydeddol</territory>
			<territory type="GR" draft="true">Gwlad Groeg</territory>
			<territory type="GS" draft="true">Ynysoedd De Georgia a De Sandwich</territory>
			<territory type="GT" draft="true">Guatemala</territory>
			<territory type="GU" draft="true">Guam</territory>
			<territory type="GW" draft="true">Guinea-Bissau</territory>
			<territory type="GY" draft="true">Guyana</territory>
			<territory type="HK" draft="true">Hong Kong S.A.R., Tseina</territory>
			<territory type="HM" draft="true">Ynys Heard ac Ynysoedd McDonald</territory>
			<territory type="HN" draft="true">Hondwras</territory>
			<territory type="HR" draft="true">Croatia</territory>
			<territory type="HT" draft="true">Haiti</territory>
			<territory type="HU" draft="true">Hwngari</territory>
			<territory type="ID" draft="true">Indonesia</territory>
			<territory type="IE" draft="true">Iwerddon</territory>
			<territory type="IL" draft="true">Israel</territory>
			<territory type="IN" draft="true">India</territory>
			<territory type="IO" draft="true">Tiriogaeth Cefnfor India Prydain</territory>
			<territory type="IQ" draft="true">Irac</territory>
			<territory type="IR" draft="true">Iran</territory>
			<territory type="IS" draft="true">Gwlad yr Iâ</territory>
			<territory type="IT" draft="true">Yr Eidal</territory>
			<territory type="JM" draft="true">Jamaica</territory>
			<territory type="JO" draft="true">Yr Iorddonen</territory>
			<territory type="JP" draft="true">Siapan</territory>
			<territory type="KE" draft="true">Cenia</territory>
			<territory type="KG" draft="true">Cirgistan</territory>
			<territory type="KH" draft="true">Cambodia</territory>
			<territory type="KI" draft="true">Kiribati</territory>
			<territory type="KM" draft="true">Comoros</territory>
			<territory type="KN" draft="true">Saint Kitts a Nevis</territory>
			<territory type="KP" draft="true">Gogledd Corea</territory>
			<territory type="KR" draft="true">De Corea</territory>
			<territory type="KW" draft="true">Coweit</territory>
			<territory type="KY" draft="true">Ynysoedd Cayman</territory>
			<territory type="KZ" draft="true">Kazakhstan</territory>
			<territory type="LA" draft="true">Laos</territory>
			<territory type="LB" draft="true">Libanus</territory>
			<territory type="LC" draft="true">Saint Lucia</territory>
			<territory type="LI" draft="true">Liechtenstein</territory>
			<territory type="LK" draft="true">Sri Lanka</territory>
			<territory type="LR" draft="true">Liberia</territory>
			<territory type="LS" draft="true">Lesotho</territory>
			<territory type="LT" draft="true">Lithwania</territory>
			<territory type="LU" draft="true">Lwcsembwrg</territory>
			<territory type="LV" draft="true">Latfia</territory>
			<territory type="LY" draft="true">Libia</territory>
			<territory type="MA" draft="true">Moroco</territory>
			<territory type="MC" draft="true">Monaco</territory>
			<territory type="MD" draft="true">Moldofa</territory>
			<territory type="MG" draft="true">Madagascar</territory>
			<territory type="MH" draft="true">Ynysoedd Marshall</territory>
			<territory type="MK" draft="true">Macedonia</territory>
			<territory type="ML" draft="true">Mali</territory>
			<territory type="MM" draft="true">Myanmar</territory>
			<territory type="MN" draft="true">Mongolia</territory>
			<territory type="MO" draft="true">Macao S.A.R., Tseina</territory>
			<territory type="MP" draft="true">Ynysoedd Gogledd Mariana</territory>
			<territory type="MQ" draft="true">Martinique</territory>
			<territory type="MR" draft="true">Mawritania</territory>
			<territory type="MS" draft="true">Montserrat</territory>
			<territory type="MT" draft="true">Malta</territory>
			<territory type="MU" draft="true">Mawrisiws</territory>
			<territory type="MV" draft="true">Maldives</territory>
			<territory type="MW" draft="true">Malawi</territory>
			<territory type="MX" draft="true">Mecsico</territory>
			<territory type="MY" draft="true">Malaysia</territory>
			<territory type="MZ" draft="true">Mozambique</territory>
			<territory type="NA" draft="true">Namibia</territory>
			<territory type="NC" draft="true">Caledonia Newydd</territory>
			<territory type="NE" draft="true">Niger</territory>
			<territory type="NF" draft="true">Ynys Norfolk</territory>
			<territory type="NG" draft="true">Nigeria</territory>
			<territory type="NI" draft="true">Nicaragwa</territory>
			<territory type="NL" draft="true">Yr Iseldiroedd</territory>
			<territory type="NO" draft="true">Norwy</territory>
			<territory type="NP" draft="true">Nepal</territory>
			<territory type="NR" draft="true">Nawrw</territory>
			<territory type="NU" draft="true">Niue</territory>
			<territory type="NZ" draft="true">Seland Newydd</territory>
			<territory type="OM" draft="true">Oman</territory>
			<territory type="PA" draft="true">Panama</territory>
			<territory type="PE" draft="true">Perw</territory>
			<territory type="PF" draft="true">Polynesia Ffrainc</territory>
			<territory type="PG" draft="true">Papua Gini Newydd</territory>
			<territory type="PH" draft="true">Philipinau</territory>
			<territory type="PK" draft="true">Pacistan</territory>
			<territory type="PL" draft="true">Gwlad Pwyl</territory>
			<territory type="PM" draft="true">Saint Pierre a Miquelon</territory>
			<territory type="PN" draft="true">Pitcairn</territory>
			<territory type="PR" draft="true">Puerto Rico</territory>
			<territory type="PS" draft="true">Tiriogaeth Palesteina</territory>
			<territory type="PT" draft="true">Portiwgal</territory>
			<territory type="PW" draft="true">Palau</territory>
			<territory type="PY" draft="true">Paraguay</territory>
			<territory type="QA" draft="true">Qatar</territory>
			<territory type="QO" draft="true">Ynysoedd Pellenig y De</territory>
			<territory type="RE" draft="true">Réunion</territory>
			<territory type="RO" draft="true">Rwmania</territory>
			<territory type="RU" draft="true">Rwsia</territory>
			<territory type="RW" draft="true">Rwanda</territory>
			<territory type="SA" draft="true">Sawdi-Arabia</territory>
			<territory type="SB" draft="true">Ynysoedd Solomon</territory>
			<territory type="SC" draft="true">Seychelles</territory>
			<territory type="SD" draft="true">Y Swdan</territory>
			<territory type="SE" draft="true">Sweden</territory>
			<territory type="SG" draft="true">Singapore</territory>
			<territory type="SH" draft="true">Saint Helena</territory>
			<territory type="SI" draft="true">Slofenia</territory>
			<territory type="SJ" draft="true">Svalbard a Jan Mayen</territory>
			<territory type="SK" draft="true">Slofacia</territory>
			<territory type="SL" draft="true">Sierra Leone</territory>
			<territory type="SM" draft="true">San Marino</territory>
			<territory type="SN" draft="true">Senegal</territory>
			<territory type="SO" draft="true">Somalia</territory>
			<territory type="SR" draft="true">Swrinam</territory>
			<territory type="ST" draft="true">Sao Tome a Principe</territory>
			<territory type="SV" draft="true">El Salfador</territory>
			<territory type="SY" draft="true">Syria</territory>
			<territory type="SZ" draft="true">Swaziland</territory>
			<territory type="TC" draft="true">Ynysoedd Turks a Caicos</territory>
			<territory type="TD" draft="true">Chad</territory>
			<territory type="TF" draft="true">Tiriogaethau Ffrengig y De</territory>
			<territory type="TG" draft="true">Togo</territory>
			<territory type="TH" draft="true">Gwlad Thai</territory>
			<territory type="TJ" draft="true">Tajicistan</territory>
			<territory type="TK" draft="true">Tokelau</territory>
			<territory type="TL" draft="true">Timor-Leste</territory>
			<territory type="TM" draft="true">Tyrcmenistan</territory>
			<territory type="TN" draft="true">Tiwnisia</territory>
			<territory type="TO" draft="true">Tonga</territory>
			<territory type="TR" draft="true">Twrci</territory>
			<territory type="TT" draft="true">Trinidad a Thobago</territory>
			<territory type="TV" draft="true">Twfalw</territory>
			<territory type="TW" draft="true">Taiwan</territory>
			<territory type="TZ" draft="true">Tansanïa</territory>
			<territory type="UA" draft="true">Wcráin</territory>
			<territory type="UG" draft="true">Uganda</territory>
			<territory type="UM" draft="true">Mân Ynysoedd Pellenig yr Unol Daleithiau</territory>
			<territory type="US" draft="true">Yr Unol Daleithiau</territory>
			<territory type="UY" draft="true">Uruguay</territory>
			<territory type="UZ" draft="true">Wsbecistan</territory>
			<territory type="VA" draft="true">Y Fatican</territory>
			<territory type="VC" draft="true">Saint Vincent a’r Grenadines</territory>
			<territory type="VE" draft="true">Venezuela</territory>
			<territory type="VG" draft="true">Ynysoedd Prydeinig y Wyryf</territory>
			<territory type="VI" draft="true">Ynysoedd Americanaidd y Wyryf</territory>
			<territory type="VN" draft="true">Fietnam</territory>
			<territory type="VU" draft="true">Vanuatu</territory>
			<territory type="WF" draft="true">Wallis a Futuna</territory>
			<territory type="WS" draft="true">Samoa</territory>
			<territory type="YE" draft="true">Yemen</territory>
			<territory type="YT" draft="true">Mayotte</territory>
			<territory type="ZA" draft="true">De Affrica</territory>
			<territory type="ZM" draft="true">Sambia</territory>
			<territory type="ZW" draft="true">Simbabwe</territory>
		</territories>
	</localeDisplayNames>
	<characters>
		<exemplarCharacters>[a-z âäáàêëéèîïíìôöóòûüúùŵẅẃẁŷÿýỳ]</exemplarCharacters>
	</characters>
	<dates>
		<calendars>
			<calendar type="gregorian">
				<months>
					<monthContext type="format">
						<monthWidth type="abbreviated">
							<month type="1">Ion</month>
							<month type="2">Chwef</month>
							<month type="3">Mawrth</month>
							<month type="4">Ebrill</month>
							<month type="5">Mai</month>
							<month type="6">Meh</month>
							<month type="7">Gorff</month>
							<month type="8">Awst</month>
							<month type="9">Medi</month>
							<month type="10">Hyd</month>
							<month type="11">Tach</month>
							<month type="12">Rhag</month>
						</monthWidth>
						<monthWidth type="wide">
							<month type="1">Ionawr</month>
							<month type="2">Chwefror</month>
							<month type="3">Mawrth</month>
							<month type="4">Ebrill</month>
							<month type="5">Mai</month>
							<month type="6">Mehefin</month>
							<month type="7">Gorffenaf</month>
							<month type="8">Awst</month>
							<month type="9">Medi</month>
							<month type="10">Hydref</month>
							<month type="11">Tachwedd</month>
							<month type="12">Rhagfyr</month>
						</monthWidth>
					</monthContext>
					<monthContext type="stand-alone">
						<monthWidth type="narrow">
							<month type="1">I</month>
							<month type="2">C</month>
							<month type="3">M</month>
							<month type="4">E</month>
							<month type="5">M</month>
							<month type="6">M</month>
							<month type="7">G</month>
							<month type="8">A</month>
							<month type="9">M</month>
							<month type="10">H</month>
							<month type="11">T</month>
							<month type="12">R</month>
						</monthWidth>
					</monthContext>
				</months>
				<days>
					<dayContext type="format">
						<dayWidth type="abbreviated">
							<day type="sun">Sul</day>
							<day type="mon">Llun</day>
							<day type="tue">Maw</day>
							<day type="wed">Mer</day>
							<day type="thu">Iau</day>
							<day type="fri">Gwen</day>
							<day type="sat">Sad</day>
						</dayWidth>
						<dayWidth type="wide">
							<day type="sun">Dydd Sul</day>
							<day type="mon">Dydd Llun</day>
							<day type="tue">Dydd Mawrth</day>
							<day type="wed">Dydd Mercher</day>
							<day type="thu">Dydd Iau</day>
							<day type="fri">Dydd Gwener</day>
							<day type="sat">Dydd Sadwrn</day>
						</dayWidth>
					</dayContext>
					<dayContext type="stand-alone">
						<dayWidth type="narrow">
							<day type="sun">S</day>
							<day type="mon">L</day>
							<day type="tue">M</day>
							<day type="wed">M</day>
							<day type="thu">I</day>
							<day type="fri">G</day>
							<day type="sat">S</day>
						</dayWidth>
					</dayContext>
				</days>
			</calendar>
		</calendars>
		<timeZoneNames>
			<hourFormat>+HHmm;-HHmm</hourFormat>
			<zone type="Antarctica/South_Pole">
				<exemplarCity draft="true">Pegwn y De</exemplarCity>
			</zone>
			<zone type="America/St_Johns">
				<exemplarCity draft="true">St. John’s</exemplarCity>
			</zone>
			<zone type="Europe/London">
				<exemplarCity draft="true">Llundain</exemplarCity>
			</zone>
			<zone type="America/Mexico_City">
				<exemplarCity draft="true">Dinas Mecsico</exemplarCity>
			</zone>
			<zone type="America/New_York">
				<exemplarCity draft="true">Efrog Newydd</exemplarCity>
			</zone>
		</timeZoneNames>
	</dates>
	<numbers>
		<currencies>
			<currency type="BRL">
				<displayName>Real Brasil</displayName>
			</currency>
			<currency type="CNY">
				<displayName>Yuan Renminbi Tseina</displayName>
			</currency>
			<currency type="EUR">
				<displayName>Ewro</displayName>
				<symbol>EUR</symbol>
			</currency>
			<currency type="GBP">
				<displayName>Punt Sterling Prydain</displayName>
			</currency>
			<currency type="INR">
				<displayName>Rwpî India</displayName>
			</currency>
			<currency type="JPY">
				<displayName>Yen Siapan</displayName>
			</currency>
			<currency type="RUB">
				<displayName>Rwbl Rwsia</displayName>
			</currency>
			<currency type="USD">
				<displayName>Doler yr UDA</displayName>
			</currency>
		</currencies>
	</numbers>
</ldml>

