<?xml version="1.0" encoding="UTF-8" ?>
<!DOCTYPE ldml SYSTEM "http://www.unicode.org/cldr/dtd/1.3/ldml.dtd">
<ldml>
	<identity>
		<version number="$Revision: 1.51 $"/>
		<generation date="$Date: 2005/05/24 21:21:37 $"/>
		<language type="de"/>
	</identity>
	<localeDisplayNames>
		<languages>
			<language type="aa">Afar</language>
			<language type="ab">Abchasisch</language>
			<language type="ace">Aceh-Sprache</language>
			<language type="ach">Acholi-Sprache</language>
			<language type="ada">Adangme</language>
			<language type="ady">Adygai</language>
			<language type="ae">Avestisch</language>
			<language type="af">Afrikaans</language>
			<language type="afa">Afro-Asiatische Sprachen  (Andere)</language>
			<language type="afh">Afrihili</language>
			<language type="ak">Akan</language>
			<language type="akk">Akkadisch</language>
			<language type="ale">Aleutisch</language>
			<language type="alg">Algonkin-Sprachen</language>
			<language type="am">Amharisch</language>
			<language type="an">Aragonesisch</language>
			<language type="ang">Altenglisch</language>
			<language type="apa">Apachen-Sprache</language>
			<language type="ar">Arabisch</language>
			<language type="arc">Aramäisch</language>
			<language type="arn">Araukanisch</language>
			<language type="arp">Arapaho-Sprache</language>
			<language type="art">Kunstsprachen (Andere)</language>
			<language type="arw">Arawak-Sprachen</language>
			<language type="as">Assamesisch</language>
			<language type="ast">Asturianisch</language>
			<language type="ath">Athapaskische Sprachen</language>
			<language type="aus">Australische Sprachen</language>
			<language type="av">Awarisch</language>
			<language type="awa">Awadhi</language>
			<language type="ay">Aymará-Sprache</language>
			<language type="az">Aserbaidschanisch</language>
			<language type="ba">Baschkirisch</language>
			<language type="bad">Banda-Sprache</language>
			<language type="bai">Bamileke-Sprache</language>
			<language type="bal">Belutschisch</language>
			<language type="ban">Balinesisch</language>
			<language type="bas">Basaa-Sprache</language>
			<language type="bat">Baltische Sprachen (Andere)</language>
			<language type="be">Weißrussisch</language>
			<language type="bej">Bedauye</language>
			<language type="bem">Bemba-Sprache</language>
			<language type="ber">Berbersprachen (Andere)</language>
			<language type="bg">Bulgarisch</language>
			<language type="bh">Biharisch</language>
			<language type="bho">Bhodschpuri</language>
			<language type="bi">Bislama</language>
			<language type="bik">Bikol-Sprache</language>
			<language type="bin">Bini-Sprache</language>
			<language type="bla">Blackfoot-Sprache</language>
			<language type="bm">Bambara-Sprache</language>
			<language type="bn">Bengalisch</language>
			<language type="bnt">Bantusprachen (Andere)</language>
			<language type="bo">Tibetisch</language>
			<language type="br">Bretonisch</language>
			<language type="bra">Braj-Bhakha</language>
			<language type="bs">Bosnisch</language>
			<language type="btk">Batak (Indonesien)</language>
			<language type="bua">Burjatisch</language>
			<language type="bug">Buginesisch</language>
			<language type="byn">Blin</language>
			<language type="ca">Katalanisch</language>
			<language type="cad">Caddo</language>
			<language type="cai">Indianersprachen, Zentralamerika (Andere)</language>
			<language type="car">Karibische Sprachen</language>
			<language type="cau">Kaukasische Sprachen (Andere)</language>
			<language type="ce">Tschetschenisch</language>
			<language type="ceb">Cebuano</language>
			<language type="cel">Keltische Sprachen (Andere)</language>
			<language type="ch">Chamorro-Sprache</language>
			<language type="chb">Chibcha-Sprachen</language>
			<language type="chg">Tschagataisch</language>
			<language type="chk">Trukesisch</language>
			<language type="chm">Tscheremissisch</language>
			<language type="chn">Chinook</language>
			<language type="cho">Choctaw</language>
			<language type="chp">Chipewyan</language>
			<language type="chr">Cherokee</language>
			<language type="chy">Cheyenne</language>
			<language type="cmc">Cham-Sprachen</language>
			<language type="co">Korsisch</language>
			<language type="cop">Koptisch</language>
			<language type="cpe">Kreolisch-Englisch (Andere)</language>
			<language type="cpf">Kreolisch-Französisch (Andere)</language>
			<language type="cpp">Kreolisch-Portugiesisch (Andere)</language>
			<language type="cr">Cree</language>
			<language type="crh">Krimtatarisch</language>
			<language type="crp">Kreolische Sprachen</language>
			<language type="cs">Tschechisch</language>
			<language type="csb">Kaschubisch</language>
			<language type="cu">Kirchenslawisch</language>
			<language type="cus">Kuschitische Sprachen (Andere)</language>
			<language type="cv">Tschuwaschisch</language>
			<language type="cy">Kymrisch</language>
			<language type="da">Dänisch</language>
			<language type="dak">Dakota-Sprache</language>
			<language type="dar">Darginisch</language>
			<language type="day">Dajak</language>
			<language type="de">Deutsch</language>
			<language type="del">Delaware-Sprache</language>
			<language type="den">Slave (Athapaskische Sprachen)</language>
			<language type="dgr">Dogrib</language>
			<language type="din">Dinka-Sprache</language>
			<language type="doi">Dogri</language>
			<language type="dra">Drawidische Sprachen (Andere)</language>
			<language type="dsb">Niedersorbisch</language>
			<language type="dua">Duala</language>
			<language type="dum">Mittelniederländisch</language>
			<language type="dv">Maledivisch</language>
			<language type="dyu">Dyula-Sprache</language>
			<language type="dz">Bhutanisch</language>
			<language type="ee">Ewe-Sprache</language>
			<language type="efi">Efik</language>
			<language type="egy">Ägyptisch</language>
			<language type="eka">Ekajuk</language>
			<language type="el">Griechisch</language>
			<language type="elx">Elamisch</language>
			<language type="en">Englisch</language>
			<language type="enm">Mittelenglisch</language>
			<language type="eo">Esperanto</language>
			<language type="es">Spanisch</language>
			<language type="et">Estnisch</language>
			<language type="eu">Baskisch</language>
			<language type="ewo">Ewondo</language>
			<language type="fa">Persisch</language>
			<language type="fan">Pangwe-Sprache</language>
			<language type="fat">Fanti-Sprache</language>
			<language type="ff">Ful</language>
			<language type="fi">Finnisch</language>
			<language type="fiu">Finnougrische Sprachen (Andere)</language>
			<language type="fj">Fidschianisch</language>
			<language type="fo">Färöisch</language>
			<language type="fon">Fon-Sprache</language>
			<language type="fr">Französisch</language>
			<language type="frm">Mittelfranzösisch</language>
			<language type="fro">Altfranzösisch</language>
			<language type="fur">Friulisch</language>
			<language type="fy">Friesisch</language>
			<language type="ga">Irisch</language>
			<language type="gaa">Ga-Sprache</language>
			<language type="gay">Gayo</language>
			<language type="gba">Gbaya-Sprache</language>
			<language type="gd">Schottisch-Gälisch</language>
			<language type="gem">Germanische Sprachen (Andere)</language>
			<language type="gez">Geez</language>
			<language type="gil">Gilbertesisch</language>
			<language type="gl">Galizisch</language>
			<language type="gmh">Mittelhochdeutsch</language>
			<language type="gn">Guarani</language>
			<language type="goh">Althochdeutsch</language>
			<language type="gon">Gondi-Sprache</language>
			<language type="gor">Mongondou</language>
			<language type="got">Gotisch</language>
			<language type="grb">Grebo-Sprache</language>
			<language type="grc">Griechisch (bis 1453)</language>
			<language type="gu">Gujarati</language>
			<language type="gv">Manx</language>
			<language type="gwi">Kutchin-Sprache</language>
			<language type="ha">Hausa</language>
			<language type="hai">Haida-Sprache</language>
			<language type="haw">Hawaiianisch</language>
			<language type="he">Hebräisch</language>
			<language type="hi">Hindi</language>
			<language type="hil">Hiligaynon-Sprache</language>
			<language type="him">Himachali</language>
			<language type="hit">Hethitisch</language>
			<language type="hmn">Miao-Sprachen</language>
			<language type="ho">Hiri-Motu</language>
			<language type="hr">Kroatisch</language>
			<language type="hsb">Obersorbisch</language>
			<language type="ht">Kreolisch</language>
			<language type="hu">Ungarisch</language>
			<language type="hup">Hupa</language>
			<language type="hy">Armenisch</language>
			<language type="hz">Herero-Sprache</language>
			<language type="ia">Interlingua</language>
			<language type="iba">Iban</language>
			<language type="id">Indonesisch</language>
			<language type="ie">Interlingue</language>
			<language type="ig">Igbo-Sprache</language>
			<language type="ii">Sichuan Yi</language>
			<language type="ijo">Ijo-Sprache</language>
			<language type="ik">Inupiak</language>
			<language type="ilo">Ilokano-Sprache</language>
			<language type="inc">Indoarische Sprachen (Andere)</language>
			<language type="ine">Indogermanische Sprachen (Andere)</language>
			<language type="inh">Ingush</language>
			<language type="io">Ido-Sprache</language>
			<language type="ira">Iranische Sprachen (Andere)</language>
			<language type="iro">Irokesische Sprachen</language>
			<language type="is">Isländisch</language>
			<language type="it">Italienisch</language>
			<language type="iu">Inukitut</language>
			<language type="ja">Japanisch</language>
			<language type="jbo">Lojban</language>
			<language type="jpr">Jüdisch-Persisch</language>
			<language type="jrb">Jüdisch-Arabisch</language>
			<language type="jv">Javanisch</language>
			<language type="ka">Georgisch</language>
			<language type="kaa">Karakalpakisch</language>
			<language type="kab">Kabylisch</language>
			<language type="kac">Kachin-Sprache</language>
			<language type="kam">Kamba</language>
			<language type="kar">Karenisch</language>
			<language type="kaw">Kawi</language>
			<language type="kbd">Kabardinisch</language>
			<language type="kg">Kongo</language>
			<language type="kha">Khasi-Sprache</language>
			<language type="khi">Khoisan-Sprachen (Andere)</language>
			<language type="kho">Sakisch</language>
			<language type="ki">Kikuyu-Sprache</language>
			<language type="kj">Kwanyama</language>
			<language type="kk">Kasachisch</language>
			<language type="kl">Grönländisch</language>
			<language type="km">Kambodschanisch</language>
			<language type="kmb">Kimbundu-Sprache</language>
			<language type="kn">Kannada</language>
			<language type="ko">Koreanisch</language>
			<language type="kok">Konkani</language>
			<language type="kos">Kosraeanisch</language>
			<language type="kpe">Kpelle-Sprache</language>
			<language type="kr">Kanuri-Sprache</language>
			<language type="krc">Karatschaiisch-Balkarisch</language>
			<language type="kro">Kru-Sprachen</language>
			<language type="kru">Oraon-Sprache</language>
			<language type="ks">Kaschmirisch</language>
			<language type="ku">Kurdisch</language>
			<language type="kum">Kumükisch</language>
			<language type="kut">Kutenai-Sprache</language>
			<language type="kv">Komi-Sprache</language>
			<language type="kw">Kornisch</language>
			<language type="ky">Kirgisisch</language>
			<language type="la">Latein</language>
			<language type="lad">Judenspanisch</language>
			<language type="lah">Lahnda</language>
			<language type="lam">Lamba-Sprache</language>
			<language type="lb">Luxemburgisch</language>
			<language type="lez">Lesgisch</language>
			<language type="lg">Ganda-Sprache</language>
			<language type="li">Limburgisch</language>
			<language type="ln">Lingala</language>
			<language type="lo">Laotisch</language>
			<language type="lol">Mongo</language>
			<language type="loz">Rotse-Sprache</language>
			<language type="lt">Litauisch</language>
			<language type="lu">Luba</language>
			<language type="lua">Luba-Lulua</language>
			<language type="lui">Luiseno-Sprache</language>
			<language type="lun">Lunda-Sprache</language>
			<language type="luo">Luo-Sprache</language>
			<language type="lus">Lushai-Sprache</language>
			<language type="lv">Lettisch</language>
			<language type="mad">Maduresisch</language>
			<language type="mag">Khotta</language>
			<language type="mai">Maithili</language>
			<language type="mak">Makassarisch</language>
			<language type="man">Manding-Sprache</language>
			<language type="map">Austronesische Sprachen (Andere)</language>
			<language type="mas">Massai-Sprache</language>
			<language type="mdf">Moksha</language>
			<language type="mdr">Mandaresisch</language>
			<language type="men">Mende-Sprache</language>
			<language type="mg">Madagassisch</language>
			<language type="mga">Mittelirisch</language>
			<language type="mh">Marschallesisch</language>
			<language type="mi">Maori</language>
			<language type="mic">Micmac-Sprache</language>
			<language type="min">Minangkabau-Sprache</language>
			<language type="mis">Verschiedene Sprachen</language>
			<language type="mk">Mazedonisch</language>
			<language type="mkh">Mon-Khmer-Sprachen (Andere)</language>
			<language type="ml">Malayalam</language>
			<language type="mn">Mongolisch</language>
			<language type="mnc">Mandschurisch</language>
			<language type="mni">Meithei-Sprache</language>
			<language type="mno">Manobo-Sprache</language>
			<language type="mo">Moldauisch</language>
			<language type="moh">Mohawk-Sprache</language>
			<language type="mos">Mossi-Sprache</language>
			<language type="mr">Marathi</language>
			<language type="ms">Malaiisch</language>
			<language type="mt">Maltesisch</language>
			<language type="mul">Polyglott</language>
			<language type="mun">Munda-Sprachen</language>
			<language type="mus">Muskogee-Sprachen</language>
			<language type="mwr">Marwari</language>
			<language type="my">Birmanisch</language>
			<language type="myn">Maya-Sprachen</language>
			<language type="myv">Erzya</language>
			<language type="na">Nauruisch</language>
			<language type="nah">Nahuatl</language>
			<language type="nai">Indianersprachen, Nordamerika (Andere)</language>
			<language type="nap">Neapolitanisch</language>
			<language type="nb">Norwegisch Bokmål</language>
			<language type="nd">Ndebele-Sprache (Nord)</language>
			<language type="nds">Niederdeutsch</language>
			<language type="ne">Nepalesisch</language>
			<language type="new">Newari</language>
			<language type="ng">Ndonga</language>
			<language type="nia">Nias-Sprache</language>
			<language type="nic">Nigerkordofanische Sprachen (Andere)</language>
			<language type="niu">Niue-Sprache</language>
			<language type="nl">Niederländisch</language>
			<language type="nn">Norwegisch Nynorsk</language>
			<language type="no">Norwegisch</language>
			<language type="nog">Nogai</language>
			<language type="non">Altnordisch</language>
			<language type="nr">Ndebele-Sprache (Süd)</language>
			<language type="nso">Sotho-Sprache (Nord)</language>
			<language type="nub">Nubische Sprachen</language>
			<language type="nv">Navajo-Sprache</language>
			<language type="ny">Chewa-Sprache</language>
			<language type="nym">Nyamwezi-Sprache</language>
			<language type="nyn">Nyankole</language>
			<language type="nyo">Nyoro</language>
			<language type="nzi">Nzima</language>
			<language type="oc">Okzitanisch</language>
			<language type="oj">Ojibwa-Sprache</language>
			<language type="om">Oromo</language>
			<language type="or">Orija</language>
			<language type="os">Ossetisch</language>
			<language type="osa">Osage-Sprache</language>
			<language type="ota">Osmanisch</language>
			<language type="oto">Otomangue-Sprachen</language>
			<language type="pa">Pandschabisch</language>
			<language type="paa">Papuasprachen (Andere)</language>
			<language type="pag">Pangasinan-Sprache</language>
			<language type="pal">Mittelpersisch</language>
			<language type="pam">Pampanggan-Sprache</language>
			<language type="pap">Papiamento</language>
			<language type="pau">Palau</language>
			<language type="peo">Altpersisch</language>
			<language type="phi">Philippinen-Austronesisch (Andere)</language>
			<language type="phn">Phönikisch</language>
			<language type="pi">Pali</language>
			<language type="pl">Polnisch</language>
			<language type="pon">Ponapeanisch</language>
			<language type="pra">Prakrit</language>
			<language type="pro">Altprovenzalisch</language>
			<language type="ps">Afghanisch (Paschtu)</language>
			<language type="pt">Portugiesisch</language>
			<language type="qu">Quechua</language>
			<language type="raj">Rajasthani</language>
			<language type="rap">Osterinsel-Sprache</language>
			<language type="rar">Rarotonganisch</language>
			<language type="rm">Rätoromanisch</language>
			<language type="rn">Rundi-Sprache</language>
			<language type="ro">Rumänisch</language>
			<language type="roa">Romanische Sprachen (Andere)</language>
			<language type="rom">Zigeunersprache</language>
			<language type="ru">Russisch</language>
			<language type="rw">Ruandisch</language>
			<language type="sa">Sanskrit</language>
			<language type="sad">Sandawe-Sprache</language>
			<language type="sah">Jakutisch</language>
			<language type="sai">Indianersprachen, Südamerika (Andere)</language>
			<language type="sal">Salish-Sprache</language>
			<language type="sam">Samaritanisch</language>
			<language type="sas">Sasak</language>
			<language type="sat">Santali</language>
			<language type="sc">Sardisch</language>
			<language type="sco">Schottisch</language>
			<language type="sd">Sindhi</language>
			<language type="se">Nord-Samisch</language>
			<language type="sel">Selkupisch</language>
			<language type="sem">Semitische Sprachen (Andere)</language>
			<language type="sg">Sango</language>
			<language type="sga">Altirisch</language>
			<language type="sgn">Gebärdensprache</language>
			<language type="sh">Serbo-Kroatisch</language>
			<language type="shn">Schan-Sprache</language>
			<language type="si">Singhalesisch</language>
			<language type="sid">Sidamo</language>
			<language type="sio">Sioux-Sprachen</language>
			<language type="sit">Sinotibetische Sprachen (Andere)</language>
			<language type="sk">Slowakisch</language>
			<language type="sl">Slowenisch</language>
			<language type="sla">Slawische Sprachen (Andere)</language>
			<language type="sm">Samoanisch</language>
			<language type="sma">Süd-Samisch</language>
			<language type="smi">Lappisch</language>
			<language type="smj">Lule-Lappisch</language>
			<language type="smn">Inari-Lappisch</language>
			<language type="sms">Skolt-Lappisch</language>
			<language type="sn">Shona</language>
			<language type="snk">Soninke-Sprache</language>
			<language type="so">Somali</language>
			<language type="sog">Sogdisch</language>
			<language type="son">Songhai-Sprache</language>
			<language type="sq">Albanisch</language>
			<language type="sr">Serbisch</language>
			<language type="srr">Serer-Sprache</language>
			<language type="ss">Swazi</language>
			<language type="ssa">Nilosaharanische Sprachen (Andere)</language>
			<language type="st">Süd-Sotho-Sprache</language>
			<language type="su">Sudanesisch</language>
			<language type="suk">Sukuma-Sprache</language>
			<language type="sus">Susu</language>
			<language type="sux">Sumerisch</language>
			<language type="sv">Schwedisch</language>
			<language type="sw">Suaheli</language>
			<language type="syr">Syrisch</language>
			<language type="ta">Tamilisch</language>
			<language type="tai">Thaisprachen (Andere)</language>
			<language type="te">Telugu</language>
			<language type="tem">Temne</language>
			<language type="ter">Tereno-Sprache</language>
			<language type="tet">Tetum-Sprache</language>
			<language type="tg">Tadschikisch</language>
			<language type="th">Thai</language>
			<language type="ti">Tigrinja</language>
			<language type="tig">Tigre</language>
			<language type="tiv">Tiv-Sprache</language>
			<language type="tk">Turkmenisch</language>
			<language type="tkl">Tokelauanisch</language>
			<language type="tl">Tagalog</language>
			<language type="tli">Tlingit-Sprache</language>
			<language type="tmh">Tamaseq</language>
			<language type="tn">Tswana-Sprache</language>
			<language type="to">Tongaisch</language>
			<language type="tog">Tonga (Nyasa)</language>
			<language type="tpi">Neumelanesisch</language>
			<language type="tr">Türkisch</language>
			<language type="ts">Tsonga</language>
			<language type="tsi">Tsimshian-Sprache</language>
			<language type="tt">Tatarisch</language>
			<language type="tum">Tumbuka-Sprache</language>
			<language type="tup">Tupi-Sprachen</language>
			<language type="tut">Altaische Sprachen (Andere)</language>
			<language type="tvl">Elliceanisch</language>
			<language type="tw">Twi</language>
			<language type="ty">Tahitisch</language>
			<language type="tyv">Tuwinisch</language>
			<language type="udm">Udmurtisch</language>
			<language type="ug">Uigurisch</language>
			<language type="uga">Ugaritisch</language>
			<language type="uk">Ukrainisch</language>
			<language type="umb">Mbundu-Sprache</language>
			<language type="und">Sprache nicht ermittelt</language>
			<language type="ur">Urdu</language>
			<language type="uz">Usbekisch</language>
			<language type="vai">Vai-Sprache</language>
			<language type="ve">Venda-Sprache</language>
			<language type="vi">Vietnamesisch</language>
			<language type="vo">Volapük</language>
			<language type="vot">Wotisch</language>
			<language type="wa">Wallonisch</language>
			<language type="wak">Wakashanisch</language>
			<language type="wal">Walamo-Sprache</language>
			<language type="war">Waray</language>
			<language type="was">Washo-Sprache</language>
			<language type="wen">Sorbisch</language>
			<language type="wo">Wolof</language>
			<language type="xal">Kalmückisch</language>
			<language type="xh">Xhosa</language>
			<language type="yao">Yao-Sprache</language>
			<language type="yap">Yapesisch</language>
			<language type="yi">Jiddisch</language>
			<language type="yo">Joruba</language>
			<language type="ypk">Yupik-Sprache</language>
			<language type="za">Zhuang</language>
			<language type="zap">Zapotekisch</language>
			<language type="zen">Zenaga</language>
			<language type="zh">Chinesisch</language>
			<language type="znd">Zande-Sprache</language>
			<language type="zu">Zulu</language>
			<language type="zun">Zuni-Sprache</language>
		</languages>
		<scripts>
			<script type="Arab">Arabisch</script>
			<script type="Armn">Armenisch</script>
			<script type="Beng">Bengalisch</script>
			<script type="Bopo">Bopomofo</script>
			<script type="Brai">Blindenschrift</script>
			<script type="Cher">Cherokee</script>
			<script type="Copt">Koptisch</script>
			<script type="Cprt">Zypriotisch</script>
			<script type="Cyrl">Kyrillisch</script>
			<script type="Deva">Devanagari</script>
			<script type="Ethi">Äthiopisch</script>
			<script type="Geor">Georgisch</script>
			<script type="Goth">Gotisch</script>
			<script type="Grek">Griechisch</script>
			<script type="Gujr">Gujarati</script>
			<script type="Guru">Gurmukhi</script>
			<script type="Hang">Hangul</script>
			<script type="Hani">Chinesisch</script>
			<script type="Hans">Vereinfachte Chinesische Schrift</script>
			<script type="Hant">Traditionelle Chinesische Schrift</script>
			<script type="Hebr">Hebräisch</script>
			<script type="Hira">Hiragana</script>
			<script type="Ital">Altitalisch</script>
			<script type="Kana">Katakana</script>
			<script type="Khmr">Khmer</script>
			<script type="Knda">Kannada</script>
			<script type="Laoo">Laotisch</script>
			<script type="Latn">Lateinisch</script>
			<script type="Limb">Limbu</script>
			<script type="Linb">Linear B</script>
			<script type="Mlym">Malaysisch</script>
			<script type="Mong">Mongolisch</script>
			<script type="Mymr">Burmesisch</script>
			<script type="Ogam">Ogham</script>
			<script type="Orya">Oriya</script>
			<script type="Osma">Osmanisch</script>
			<script type="Qaai">Geerbter Schriftwert</script>
			<script type="Runr">Runenschrift</script>
			<script type="Sinh">Singhalesisch</script>
			<script type="Syrc">Syrisch</script>
			<script type="Taml">Tamilisch</script>
			<script type="Telu">Telugu</script>
			<script type="Tglg">Tagalog</script>
			<script type="Tibt">Tibetisch</script>
			<script type="Ugar">Ugaritisch</script>
			<script type="Yiii">Yi</script>
			<script type="Zyyy">Unbestimmt</script>
		</scripts>
		<territories>
			<territory type="001">Welt</territory>
			<territory type="002">Afrika</territory>
			<territory type="005">Südamerika</territory>
			<territory type="009">Ozeanien</territory>
			<territory type="011">Westafrika</territory>
			<territory type="013">Mittelamerika</territory>
			<territory type="014">Ostafrika</territory>
			<territory type="015">Nordafrika</territory>
			<territory type="017">Zentralafrika</territory>
			<territory type="018">Südafrika</territory>
			<territory type="019">Nord-, Mittel- und Südamerika</territory>
			<territory type="021">Nordamerika</territory>
			<territory type="029">Karibik</territory>
			<territory type="030">Ostasien</territory>
			<territory type="035">Südostasien</territory>
			<territory type="039">Südeuropa</territory>
			<territory type="053">Australien und Neuseeland</territory>
			<territory type="054">Melanesien</territory>
			<territory type="057">Mikronesien</territory>
			<territory type="061">Polynesien</territory>
			<territory type="062">Süd-Zentralasien</territory>
			<territory type="142">Asien</territory>
			<territory type="145">Westasien</territory>
			<territory type="150">Europa</territory>
			<territory type="151">Osteuropa</territory>
			<territory type="154">Nordeuropa</territory>
			<territory type="155">Westeuropa</territory>
			<territory type="830">Kanalinseln</territory>
			<territory type="833">Insel Man</territory>
			<territory type="AD">Andorra</territory>
			<territory type="AE">Vereinigte Arabische Emirate</territory>
			<territory type="AF">Afghanistan</territory>
			<territory type="AG">Antigua und Barbuda</territory>
			<territory type="AI">Anguilla</territory>
			<territory type="AL">Albanien</territory>
			<territory type="AM">Armenien</territory>
			<territory type="AN">Niederländische Antillen</territory>
			<territory type="AO">Angola</territory>
			<territory type="AQ">Antarktis</territory>
			<territory type="AR">Argentinien</territory>
			<territory type="AS">Amerikanisch-Samoa</territory>
			<territory type="AT">Österreich</territory>
			<territory type="AU">Australien</territory>
			<territory type="AW">Aruba</territory>
			<territory type="AX">Alandinseln</territory>
			<territory type="AZ">Aserbaidschan</territory>
			<territory type="BA">Bosnien und Herzegowina</territory>
			<territory type="BB">Barbados</territory>
			<territory type="BD">Bangladesch</territory>
			<territory type="BE">Belgien</territory>
			<territory type="BF">Burkina Faso</territory>
			<territory type="BG">Bulgarien</territory>
			<territory type="BH">Bahrain</territory>
			<territory type="BI">Burundi</territory>
			<territory type="BJ">Benin</territory>
			<territory type="BM">Bermuda</territory>
			<territory type="BN">Brunei Darussalam</territory>
			<territory type="BO">Bolivien</territory>
			<territory type="BR">Brasilien</territory>
			<territory type="BS">Bahamas</territory>
			<territory type="BT">Bhutan</territory>
			<territory type="BV">Bouvetinsel</territory>
			<territory type="BW">Botsuana</territory>
			<territory type="BY">Belarus</territory>
			<territory type="BZ">Belize</territory>
			<territory type="CA">Kanada</territory>
			<territory type="CC">Kokosinseln (Keeling)</territory>
			<territory type="CD">Demokratische Republik Kongo</territory>
			<territory type="CF">Zentralafrikanische Republik</territory>
			<territory type="CG">Kongo</territory>
			<territory type="CH">Schweiz</territory>
			<territory type="CI">Côte d’Ivoire</territory>
			<territory type="CK">Cookinseln</territory>
			<territory type="CL">Chile</territory>
			<territory type="CM">Kamerun</territory>
			<territory type="CN">China</territory>
			<territory type="CO">Kolumbien</territory>
			<territory type="CR">Costa Rica</territory>
			<territory type="CS">Serbien und Montenegro</territory>
			<territory type="CU">Kuba</territory>
			<territory type="CV">Kap Verde</territory>
			<territory type="CX">Weihnachtsinsel</territory>
			<territory type="CY">Zypern</territory>
			<territory type="CZ">Tschechische Republik</territory>
			<territory type="DE">Deutschland</territory>
			<territory type="DJ">Dschibuti</territory>
			<territory type="DK">Dänemark</territory>
			<territory type="DM">Dominica</territory>
			<territory type="DO">Dominikanische Republik</territory>
			<territory type="DZ">Algerien</territory>
			<territory type="EC">Ecuador</territory>
			<territory type="EE">Estland</territory>
			<territory type="EG">Ägypten</territory>
			<territory type="EH">Westsahara</territory>
			<territory type="ER">Eritrea</territory>
			<territory type="ES">Spanien</territory>
			<territory type="ET">Äthiopien</territory>
			<territory type="FI">Finnland</territory>
			<territory type="FJ">Fidschi</territory>
			<territory type="FK">Falklandinseln</territory>
			<territory type="FM">Mikronesien</territory>
			<territory type="FO">Färöer</territory>
			<territory type="FR">Frankreich</territory>
			<territory type="GA">Gabun</territory>
			<territory type="GB">Vereinigtes Königreich</territory>
			<territory type="GD">Grenada</territory>
			<territory type="GE">Georgien</territory>
			<territory type="GF">Französisch-Guayana</territory>
			<territory type="GH">Ghana</territory>
			<territory type="GI">Gibraltar</territory>
			<territory type="GL">Grönland</territory>
			<territory type="GM">Gambia</territory>
			<territory type="GN">Guinea</territory>
			<territory type="GP">Guadeloupe</territory>
			<territory type="GQ">Äquatorialguinea</territory>
			<territory type="GR">Griechenland</territory>
			<territory type="GS">Südgeorgien und die Südlichen Sandwichinseln</territory>
			<territory type="GT">Guatemala</territory>
			<territory type="GU">Guam</territory>
			<territory type="GW">Guinea-Bissau</territory>
			<territory type="GY">Guyana</territory>
			<territory type="HK">Hong Kong S.A.R., China</territory>
			<territory type="HM">Heard und McDonaldinseln</territory>
			<territory type="HN">Honduras</territory>
			<territory type="HR">Kroatien</territory>
			<territory type="HT">Haiti</territory>
			<territory type="HU">Ungarn</territory>
			<territory type="ID">Indonesien</territory>
			<territory type="IE">Irland</territory>
			<territory type="IL">Israel</territory>
			<territory type="IN">Indien</territory>
			<territory type="IO">Britisches Territorium im Indischen Ozean</territory>
			<territory type="IQ">Irak</territory>
			<territory type="IR">Iran</territory>
			<territory type="IS">Island</territory>
			<territory type="IT">Italien</territory>
			<territory type="JM">Jamaika</territory>
			<territory type="JO">Jordanien</territory>
			<territory type="JP">Japan</territory>
			<territory type="KE">Kenia</territory>
			<territory type="KG">Kirgisistan</territory>
			<territory type="KH">Kambodscha</territory>
			<territory type="KI">Kiribati</territory>
			<territory type="KM">Komoren</territory>
			<territory type="KN">St. Kitts und Nevis</territory>
			<territory type="KP">Demokratische Volksrepublik Korea</territory>
			<territory type="KR">Republik Korea</territory>
			<territory type="KW">Kuwait</territory>
			<territory type="KY">Kaimaninseln</territory>
			<territory type="KZ">Kasachstan</territory>
			<territory type="LA">Laos</territory>
			<territory type="LB">Libanon</territory>
			<territory type="LC">St. Lucia</territory>
			<territory type="LI">Liechtenstein</territory>
			<territory type="LK">Sri Lanka</territory>
			<territory type="LR">Liberia</territory>
			<territory type="LS">Lesotho</territory>
			<territory type="LT">Litauen</territory>
			<territory type="LU">Luxemburg</territory>
			<territory type="LV">Lettland</territory>
			<territory type="LY">Libyen</territory>
			<territory type="MA">Marokko</territory>
			<territory type="MC">Monaco</territory>
			<territory type="MD">Republik Moldau</territory>
			<territory type="MG">Madagaskar</territory>
			<territory type="MH">Marshallinseln</territory>
			<territory type="MK">Mazedonien</territory>
			<territory type="ML">Mali</territory>
			<territory type="MM">Myanmar</territory>
			<territory type="MN">Mongolei</territory>
			<territory type="MO">Macau S.A.R., China</territory>
			<territory type="MP">Nördliche Marianen</territory>
			<territory type="MQ">Martinique</territory>
			<territory type="MR">Mauretanien</territory>
			<territory type="MS">Montserrat</territory>
			<territory type="MT">Malta</territory>
			<territory type="MU">Mauritius</territory>
			<territory type="MV">Malediven</territory>
			<territory type="MW">Malawi</territory>
			<territory type="MX">Mexiko</territory>
			<territory type="MY">Malaysia</territory>
			<territory type="MZ">Mosambik</territory>
			<territory type="NA">Namibia</territory>
			<territory type="NC">Neukaledonien</territory>
			<territory type="NE">Niger</territory>
			<territory type="NF">Norfolkinsel</territory>
			<territory type="NG">Nigeria</territory>
			<territory type="NI">Nicaragua</territory>
			<territory type="NL">Niederlande</territory>
			<territory type="NO">Norwegen</territory>
			<territory type="NP">Nepal</territory>
			<territory type="NR">Nauru</territory>
			<territory type="NU">Niue</territory>
			<territory type="NZ">Neuseeland</territory>
			<territory type="OM">Oman</territory>
			<territory type="PA">Panama</territory>
			<territory type="PE">Peru</territory>
			<territory type="PF">Französisch-Polynesien</territory>
			<territory type="PG">Papua-Neuguinea</territory>
			<territory type="PH">Philippinen</territory>
			<territory type="PK">Pakistan</territory>
			<territory type="PL">Polen</territory>
			<territory type="PM">St. Pierre und Miquelon</territory>
			<territory type="PN">Pitcairn</territory>
			<territory type="PR">Puerto Rico</territory>
			<territory type="PS">Palästinensische Gebiete</territory>
			<territory type="PT">Portugal</territory>
			<territory type="PW">Palau</territory>
			<territory type="PY">Paraguay</territory>
			<territory type="QA">Katar</territory>
			<territory type="QO">Äußeres Ozeanien</territory>
			<territory type="RE">Réunion</territory>
			<territory type="RO">Rumänien</territory>
			<territory type="RU">Russische Föderation</territory>
			<territory type="RW">Ruanda</territory>
			<territory type="SA">Saudi-Arabien</territory>
			<territory type="SB">Salomonen</territory>
			<territory type="SC">Seychellen</territory>
			<territory type="SD">Sudan</territory>
			<territory type="SE">Schweden</territory>
			<territory type="SG">Singapur</territory>
			<territory type="SH">St. Helena</territory>
			<territory type="SI">Slowenien</territory>
			<territory type="SJ">Svalbard und Jan Mayen</territory>
			<territory type="SK">Slowakei</territory>
			<territory type="SL">Sierra Leone</territory>
			<territory type="SM">San Marino</territory>
			<territory type="SN">Senegal</territory>
			<territory type="SO">Somalia</territory>
			<territory type="SR">Suriname</territory>
			<territory type="ST">São Tomé und Príncipe</territory>
			<territory type="SV">El Salvador</territory>
			<territory type="SY">Syrien</territory>
			<territory type="SZ">Swasiland</territory>
			<territory type="TC">Turks- und Caicosinseln</territory>
			<territory type="TD">Tschad</territory>
			<territory type="TF">Französische Süd- und Antarktisgebiete</territory>
			<territory type="TG">Togo</territory>
			<territory type="TH">Thailand</territory>
			<territory type="TJ">Tadschikistan</territory>
			<territory type="TK">Tokelau</territory>
			<territory type="TL">Osttimor</territory>
			<territory type="TM">Turkmenistan</territory>
			<territory type="TN">Tunesien</territory>
			<territory type="TO">Tonga</territory>
			<territory type="TR">Türkei</territory>
			<territory type="TT">Trinidad und Tobago</territory>
			<territory type="TV">Tuvalu</territory>
			<territory type="TW">Taiwan</territory>
			<territory type="TZ">Tansania</territory>
			<territory type="UA">Ukraine</territory>
			<territory type="UG">Uganda</territory>
			<territory type="UM">Amerikanisch-Ozeanien</territory>
			<territory type="US">Vereinigte Staaten</territory>
			<territory type="UY">Uruguay</territory>
			<territory type="UZ">Usbekistan</territory>
			<territory type="VA">Vatikanstadt</territory>
			<territory type="VC">St. Vincent und die Grenadinen</territory>
			<territory type="VE">Venezuela</territory>
			<territory type="VG">Britische Jungferninseln</territory>
			<territory type="VI">Amerikanische Jungferninseln</territory>
			<territory type="VN">Vietnam</territory>
			<territory type="VU">Vanuatu</territory>
			<territory type="WF">Wallis und Futuna</territory>
			<territory type="WS">Samoa</territory>
			<territory type="YE">Jemen</territory>
			<territory type="YT">Mayotte</territory>
			<territory type="ZA">Südafrika</territory>
			<territory type="ZM">Sambia</territory>
			<territory type="ZW">Simbabwe</territory>
		</territories>
		<variants>
			<variant type="POSIX">Posix</variant>
			<variant type="REVISED">Revidiert</variant>
		</variants>
		<keys>
			<key type="calendar">Kalender</key>
			<key type="collation">Sortierung</key>
			<key type="currency">Währung</key>
		</keys>
		<types>
			<type type="buddhist" key="calendar">Buddhistischer Kalender</type>
			<type type="chinese" key="calendar">Chinesischer Kalender</type>
			<type type="direct" key="collation">Direkte Sortierregeln</type>
			<type type="gregorian" key="calendar">Gregorianischer Kalender</type>
			<type type="hebrew" key="calendar">Hebräischer Kalender</type>
			<type type="islamic" key="calendar">Islamischer Kalender</type>
			<type type="islamic-civil" key="calendar">Bürgerlicher islamischer Kalender</type>
			<type type="japanese" key="calendar">Japanischer Kalender</type>
			<type type="phonebook" key="collation">Telefonbuch-Sortierregeln</type>
			<type type="pinyin" key="collation">Pinyin-Sortierregeln</type>
			<type type="stroke" key="collation">Strichfolge</type>
			<type type="traditional" key="collation">Traditionelle Sortierregeln</type>
		</types>
	</localeDisplayNames>
	<characters>
		<exemplarCharacters>[a-z ä ö ü ß]</exemplarCharacters>
	</characters>
	<delimiters>
		<quotationStart>‚</quotationStart>
		<quotationEnd>‘</quotationEnd>
		<alternateQuotationStart>„</alternateQuotationStart>
		<alternateQuotationEnd>“</alternateQuotationEnd>
	</delimiters>
	<dates>
		<localizedPatternChars>GjMtkHmsSEDFwWahKzJeugAZ</localizedPatternChars>
		<calendars>
			<calendar type="gregorian">
				<months>
					<monthContext type="format">
						<monthWidth type="abbreviated">
							<month type="1">Jan</month>
							<month type="2">Feb</month>
							<month type="3">Mrz</month>
							<month type="4">Apr</month>
							<month type="5">Mai</month>
							<month type="6">Jun</month>
							<month type="7">Jul</month>
							<month type="8">Aug</month>
							<month type="9">Sep</month>
							<month type="10">Okt</month>
							<month type="11">Nov</month>
							<month type="12">Dez</month>
						</monthWidth>
						<monthWidth type="wide">
							<month type="1">Januar</month>
							<month type="2">Februar</month>
							<month type="3">März</month>
							<month type="4">April</month>
							<month type="5">Mai</month>
							<month type="6">Juni</month>
							<month type="7">Juli</month>
							<month type="8">August</month>
							<month type="9">September</month>
							<month type="10">Oktober</month>
							<month type="11">November</month>
							<month type="12">Dezember</month>
						</monthWidth>
					</monthContext>
					<monthContext type="stand-alone">
						<monthWidth type="narrow">
							<month type="1">J</month>
							<month type="2">F</month>
							<month type="3">M</month>
							<month type="4">A</month>
							<month type="5">M</month>
							<month type="6">J</month>
							<month type="7">J</month>
							<month type="8">A</month>
							<month type="9">S</month>
							<month type="10">O</month>
							<month type="11">N</month>
							<month type="12">D</month>
						</monthWidth>
					</monthContext>
				</months>
				<days>
					<dayContext type="format">
						<dayWidth type="abbreviated">
							<day type="sun">So</day>
							<day type="mon">Mo</day>
							<day type="tue">Di</day>
							<day type="wed">Mi</day>
							<day type="thu">Do</day>
							<day type="fri">Fr</day>
							<day type="sat">Sa</day>
						</dayWidth>
						<dayWidth type="wide">
							<day type="sun">Sonntag</day>
							<day type="mon">Montag</day>
							<day type="tue">Dienstag</day>
							<day type="wed">Mittwoch</day>
							<day type="thu">Donnerstag</day>
							<day type="fri">Freitag</day>
							<day type="sat">Samstag</day>
						</dayWidth>
					</dayContext>
					<dayContext type="stand-alone">
						<dayWidth type="narrow">
							<day type="sun">S</day>
							<day type="mon">M</day>
							<day type="tue">D</day>
							<day type="wed">M</day>
							<day type="thu">D</day>
							<day type="fri">F</day>
							<day type="sat">S</day>
						</dayWidth>
					</dayContext>
				</days>
				<week>
					<minDays count="4"/>
					<firstDay day="mon"/>
				</week>
				<am>vorm.</am>
				<pm>nachm.</pm>
				<eras>
					<eraNames>
						<era type="0">v. Chr.</era>
						<era type="1">n. Chr.</era>
					</eraNames>
					<eraAbbr>
						<era type="0">v. Chr.</era>
						<era type="1">n. Chr.</era>
					</eraAbbr>
				</eras>
				<dateFormats>
					<dateFormatLength type="full">
						<dateFormat>
							<pattern>EEEE, d. MMMM yyyy</pattern>
						</dateFormat>
					</dateFormatLength>
					<dateFormatLength type="long">
						<dateFormat>
							<pattern>d. MMMM yyyy</pattern>
						</dateFormat>
					</dateFormatLength>
					<dateFormatLength type="medium">
						<dateFormat>
							<pattern>dd.MM.yyyy</pattern>
						</dateFormat>
					</dateFormatLength>
					<dateFormatLength type="short">
						<dateFormat>
							<pattern>dd.MM.yy</pattern>
						</dateFormat>
					</dateFormatLength>
				</dateFormats>
				<timeFormats>
					<timeFormatLength type="full">
						<timeFormat>
							<pattern>H:mm' Uhr 'z</pattern>
						</timeFormat>
					</timeFormatLength>
				</timeFormats>
			</calendar>
		</calendars>
		<timeZoneNames>
			<zone type="Antarctica/South_Pole">
				<exemplarCity>Südpol</exemplarCity>
			</zone>
			<zone type="Antarctica/Vostok">
				<exemplarCity>Wostok</exemplarCity>
			</zone>
			<zone type="America/St_Johns">
				<exemplarCity>St. John's</exemplarCity>
			</zone>
			<!-- Chile -->
			<zone type="Pacific/Easter">
				<exemplarCity>Osterinsel</exemplarCity>
			</zone>
			<zone type="Europe/Berlin">
				<long>
					<standard>Mitteleuropäische Zeit</standard>
					<daylight>Mitteleuropäische Sommerzeit</daylight>
				</long>
				<short>
					<standard>MEZ</standard>
					<daylight>MESZ</daylight>
				</short>
				<exemplarCity>Berlin</exemplarCity>
			</zone>
			<!-- Spain -->
			<zone type="Atlantic/Canary">
				<exemplarCity>Kanaren</exemplarCity>
			</zone>
			<zone type="Asia/Ulaanbaatar">
				<exemplarCity>Ulan-Bator</exemplarCity>
			</zone>
			<zone type="America/Mexico_City">
				<exemplarCity>Mexiko-Stadt</exemplarCity>
			</zone>
			<zone type="Atlantic/Azores">
				<exemplarCity>Azoren</exemplarCity>
			</zone>
			<zone type="Europe/Lisbon">
				<exemplarCity>Lissabon</exemplarCity>
			</zone>
			<zone type="Europe/Moscow">
				<exemplarCity>Moskau</exemplarCity>
			</zone>
			<zone type="Asia/Yekaterinburg">
				<exemplarCity>Jekaterinburg</exemplarCity>
			</zone>
			<zone type="Asia/Novosibirsk">
				<exemplarCity>Nowosibirsk</exemplarCity>
			</zone>
			<zone type="Asia/Krasnoyarsk">
				<exemplarCity>Krasnojarsk</exemplarCity>
			</zone>
			<zone type="Asia/Yakutsk">
				<exemplarCity>Jakutsk</exemplarCity>
			</zone>
			<zone type="Asia/Vladivostok">
				<exemplarCity>Wladiwostok</exemplarCity>
			</zone>
			<zone type="Asia/Sakhalin">
				<exemplarCity>Sachalin</exemplarCity>
			</zone>
			<zone type="Asia/Kamchatka">
				<exemplarCity>Kamtschatka</exemplarCity>
			</zone>
			<!-- Ukraine -->
			<zone type="Europe/Uzhgorod">
				<exemplarCity>Uschgorod</exemplarCity>
			</zone>
			<zone type="Europe/Kiev">
				<exemplarCity>Kiew</exemplarCity>
			</zone>
			<zone type="Europe/Zaporozhye">
				<exemplarCity>Saporischja</exemplarCity>
			</zone>
			<zone type="Asia/Tashkent">
				<exemplarCity>Taschkent</exemplarCity>
			</zone>
		</timeZoneNames>
	</dates>
	<numbers>
		<symbols>
			<decimal>,</decimal>
			<group>.</group>
		</symbols>
		<currencies>
			<currency type="ADP">
				<displayName>Andorranische Pesete</displayName>
			</currency>
			<currency type="AED">
				<displayName>UAE Dirham</displayName>
			</currency>
			<currency type="AFA">
				<displayName>Afghani</displayName>
			</currency>
			<currency type="AFN">
				<displayName>Afghani</displayName>
				<symbol>Af</symbol>
			</currency>
			<currency type="ALL">
				<displayName>Lek</displayName>
			</currency>
			<currency type="AMD">
				<displayName>Dram</displayName>
			</currency>
			<currency type="ANG">
				<displayName>Niederl. Antillen Gulden</displayName>
			</currency>
			<currency type="AOA">
				<displayName>Kwanza</displayName>
			</currency>
			<currency type="AOK">
				<displayName>Angolanischer Kwanza (1977-1990)</displayName>
			</currency>
			<currency type="AON">
				<displayName>Neuer Kwanza</displayName>
			</currency>
			<currency type="AOR">
				<displayName>Kwanza Reajustado</displayName>
			</currency>
			<currency type="ARA">
				<displayName>Argentinischer Austral</displayName>
			</currency>
			<currency type="ARP">
				<displayName>Argentinischer Peso (1983-1985)</displayName>
			</currency>
			<currency type="ARS">
				<displayName>Argentinischer Peso</displayName>
			</currency>
			<currency type="ATS">
				<displayName>Österreichischer Schilling</displayName>
				<symbol>öS</symbol>
			</currency>
			<currency type="AUD">
				<displayName>Australischer Dollar</displayName>
			</currency>
			<currency type="AWG">
				<displayName>Aruba Florin</displayName>
			</currency>
			<currency type="AZM">
				<displayName>Aserbeidschan Manat</displayName>
			</currency>
			<currency type="BAD">
				<displayName>Bosnien und Herzegowina Dinar</displayName>
			</currency>
			<currency type="BAM">
				<displayName>Konvertierbare Mark</displayName>
			</currency>
			<currency type="BBD">
				<displayName>Barbados-Dollar</displayName>
			</currency>
			<currency type="BDT">
				<displayName>Taka</displayName>
			</currency>
			<currency type="BEC">
				<displayName>Belgischer Franc (konvertibel)</displayName>
			</currency>
			<currency type="BEF">
				<displayName>Belgischer Franc</displayName>
			</currency>
			<currency type="BGL">
				<displayName>Lew</displayName>
			</currency>
			<currency type="BGN">
				<displayName>Lew</displayName>
			</currency>
			<currency type="BHD">
				<displayName>Bahrain-Dinar</displayName>
			</currency>
			<currency type="BIF">
				<displayName>Burundi-Franc</displayName>
			</currency>
			<currency type="BMD">
				<displayName>Bermuda-Dollar</displayName>
			</currency>
			<currency type="BND">
				<displayName>Brunei-Dollar</displayName>
			</currency>
			<currency type="BOB">
				<displayName>Boliviano</displayName>
			</currency>
			<currency type="BOP">
				<displayName>Bolivianischer Peso</displayName>
			</currency>
			<currency type="BOV">
				<displayName>Mvdol</displayName>
			</currency>
			<currency type="BRB">
				<displayName>Brasilianischer Cruzeiro Novo (1967-1986)</displayName>
			</currency>
			<currency type="BRC">
				<displayName>Brasilianischer Cruzado</displayName>
			</currency>
			<currency type="BRE">
				<displayName>Brasilianischer Cruzeiro (1990-1993)</displayName>
			</currency>
			<currency type="BRL">
				<displayName>Real</displayName>
			</currency>
			<currency type="BRN">
				<displayName>Brasilianischer Cruzado Novo</displayName>
			</currency>
			<currency type="BRR">
				<displayName>Brasilianischer Cruzeiro</displayName>
			</currency>
			<currency type="BSD">
				<displayName>Bahama-Dollar</displayName>
			</currency>
			<currency type="BTN">
				<displayName>Ngultrum</displayName>
			</currency>
			<currency type="BUK">
				<displayName>Birmanischer Kyat</displayName>
			</currency>
			<currency type="BWP">
				<displayName>Pula</displayName>
			</currency>
			<currency type="BYB">
				<displayName>Belarus Rubel (alt)</displayName>
			</currency>
			<currency type="BYR">
				<displayName>Belarus Rubel (neu)</displayName>
			</currency>
			<currency type="BZD">
				<displayName>Belize-Dollar</displayName>
			</currency>
			<currency type="CAD">
				<displayName>Kanadischer Dollar</displayName>
			</currency>
			<currency type="CDF">
				<displayName>Franc congolais</displayName>
			</currency>
			<currency type="CHF">
				<displayName>Schweizer Franken</displayName>
				<symbol>SFr.</symbol>
			</currency>
			<currency type="CLF">
				<displayName>Unidades de Fomento</displayName>
			</currency>
			<currency type="CLP">
				<displayName>Chilenischer Peso</displayName>
			</currency>
			<currency type="CNY">
				<displayName>Renminbi Yuan</displayName>
			</currency>
			<currency type="COP">
				<displayName>Kolumbianischer Peso</displayName>
			</currency>
			<currency type="CRC">
				<displayName>Costa Rica Colon</displayName>
			</currency>
			<currency type="CUP">
				<displayName>Kubanischer Peso</displayName>
			</currency>
			<currency type="CVE">
				<displayName>Kap Verde Escudo</displayName>
			</currency>
			<currency type="CYP">
				<displayName>Zypern Pfund</displayName>
			</currency>
			<currency type="CZK">
				<displayName>Tschechische Krone</displayName>
			</currency>
			<currency type="DEM">
				<displayName>Deutsche Mark</displayName>
				<symbol>DM</symbol>
			</currency>
			<currency type="DJF">
				<displayName>Dschibuti-Franc</displayName>
			</currency>
			<currency type="DKK">
				<displayName>Dänische Krone</displayName>
			</currency>
			<currency type="DOP">
				<displayName>Dominikanischer Peso</displayName>
			</currency>
			<currency type="DZD">
				<displayName>Algerischer Dinar</displayName>
			</currency>
			<currency type="ECS">
				<displayName>Ecuadorianischer Sucre</displayName>
			</currency>
			<currency type="ECV">
				<displayName>Verrechnungseinheit für EC</displayName>
			</currency>
			<currency type="EEK">
				<displayName>Estnische Krone</displayName>
			</currency>
			<currency type="EGP">
				<displayName>Ägyptisches Pfund</displayName>
			</currency>
			<currency type="ERN">
				<displayName>Nakfa</displayName>
			</currency>
			<currency type="ESP">
				<displayName>Spanische Pesete</displayName>
			</currency>
			<currency type="ETB">
				<displayName>Birr</displayName>
			</currency>
			<currency type="EUR">
				<displayName>Euro</displayName>
			</currency>
			<currency type="FIM">
				<displayName>Finnische Mark</displayName>
			</currency>
			<currency type="FJD">
				<displayName>Fidschi Dollar</displayName>
			</currency>
			<currency type="FKP">
				<displayName>Falkland Pfund</displayName>
			</currency>
			<currency type="FRF">
				<displayName>Französischer Franc</displayName>
				<symbol>FF</symbol>
			</currency>
			<currency type="GBP">
				<displayName>Pfund Sterling</displayName>
			</currency>
			<currency type="GEK">
				<displayName>Georgischer Kupon Larit</displayName>
			</currency>
			<currency type="GEL">
				<displayName>Georgischer Lari</displayName>
			</currency>
			<currency type="GHC">
				<displayName>Cedi</displayName>
			</currency>
			<currency type="GIP">
				<displayName>Gibraltar Pfund</displayName>
			</currency>
			<currency type="GMD">
				<displayName>Dalasi</displayName>
			</currency>
			<currency type="GNF">
				<displayName>Guinea Franc</displayName>
			</currency>
			<currency type="GQE">
				<displayName>Äquatorialguinea Ekwele Guineana</displayName>
			</currency>
			<currency type="GRD">
				<displayName>Griechische Drachme</displayName>
			</currency>
			<currency type="GTQ">
				<displayName>Quetzal</displayName>
			</currency>
			<currency type="GWE">
				<displayName>Portugiesisch Guinea Escudo</displayName>
			</currency>
			<currency type="GWP">
				<displayName>Guinea Bissau Peso</displayName>
			</currency>
			<currency type="GYD">
				<displayName>Guyana Dollar</displayName>
			</currency>
			<currency type="HKD">
				<displayName>Hongkong Dollar</displayName>
			</currency>
			<currency type="HNL">
				<displayName>Lempira</displayName>
			</currency>
			<currency type="HRD">
				<displayName>Kroatischer Dinar</displayName>
			</currency>
			<currency type="HRK">
				<displayName>Kuna</displayName>
			</currency>
			<currency type="HTG">
				<displayName>Gourde</displayName>
			</currency>
			<currency type="HUF">
				<displayName>Forint</displayName>
			</currency>
			<currency type="IDR">
				<displayName>Rupiah</displayName>
			</currency>
			<currency type="IEP">
				<displayName>Irisches Pfund</displayName>
			</currency>
			<currency type="ILP">
				<displayName>Israelisches Pfund</displayName>
			</currency>
			<currency type="ILS">
				<displayName>Schekel</displayName>
			</currency>
			<currency type="INR">
				<displayName>Indische Rupie</displayName>
			</currency>
			<currency type="IQD">
				<displayName>Irak Dinar</displayName>
			</currency>
			<currency type="IRR">
				<displayName>Rial</displayName>
			</currency>
			<currency type="ISK">
				<displayName>Isländische Krone</displayName>
			</currency>
			<currency type="ITL">
				<displayName>Italienische Lire</displayName>
			</currency>
			<currency type="JMD">
				<displayName>Jamaika Dollar</displayName>
			</currency>
			<currency type="JOD">
				<displayName>Jordanischer Dinar</displayName>
			</currency>
			<currency type="JPY">
				<displayName>Yen</displayName>
			</currency>
			<currency type="KES">
				<displayName>Kenia Schilling</displayName>
			</currency>
			<currency type="KGS">
				<displayName>Som</displayName>
				<symbol>som</symbol>
			</currency>
			<currency type="KHR">
				<displayName>Riel</displayName>
			</currency>
			<currency type="KMF">
				<displayName>Komoren Franc</displayName>
			</currency>
			<currency type="KPW">
				<displayName>Nordkoreanischer Won</displayName>
			</currency>
			<currency type="KRW">
				<displayName>Südkoreanischer Won</displayName>
			</currency>
			<currency type="KWD">
				<displayName>Kuwait Dinar</displayName>
			</currency>
			<currency type="KYD">
				<displayName>Kaiman-Dollar</displayName>
			</currency>
			<currency type="KZT">
				<displayName>Tenge</displayName>
			</currency>
			<currency type="LAK">
				<displayName>Kip</displayName>
			</currency>
			<currency type="LBP">
				<displayName>Libanesisches Pfund</displayName>
			</currency>
			<currency type="LKR">
				<displayName>Sri Lanka Rupie</displayName>
			</currency>
			<currency type="LRD">
				<displayName>Liberianischer Dollar</displayName>
			</currency>
			<currency type="LSL">
				<displayName>Loti</displayName>
			</currency>
			<currency type="LTL">
				<displayName>Litauischer Litas</displayName>
			</currency>
			<currency type="LTT">
				<displayName>Litauischer Talonas</displayName>
			</currency>
			<currency type="LUF">
				<displayName>Luxemburgischer Franc</displayName>
			</currency>
			<currency type="LVL">
				<displayName>Lettischer Lats</displayName>
			</currency>
			<currency type="LVR">
				<displayName>Lettischer Rubel</displayName>
			</currency>
			<currency type="LYD">
				<displayName>Libyscher Dinar</displayName>
			</currency>
			<currency type="MAD">
				<displayName>Marokkanischer Dirham</displayName>
			</currency>
			<currency type="MAF">
				<displayName>Marokkanischer Franc</displayName>
			</currency>
			<currency type="MDL">
				<displayName>Moldau Leu</displayName>
			</currency>
			<currency type="MGA">
				<displayName>Madagaskar Ariary</displayName>
			</currency>
			<currency type="MGF">
				<displayName>Madagaskar Franc</displayName>
			</currency>
			<currency type="MKD">
				<displayName>Denar</displayName>
			</currency>
			<currency type="MMK">
				<displayName>Kyat</displayName>
			</currency>
			<currency type="MNT">
				<displayName>Tugrik</displayName>
			</currency>
			<currency type="MOP">
				<displayName>Pataca</displayName>
			</currency>
			<currency type="MRO">
				<displayName>Ouguiya</displayName>
			</currency>
			<currency type="MTL">
				<displayName>Maltesische Lira</displayName>
			</currency>
			<currency type="MTP">
				<displayName>Maltesisches Pfund</displayName>
			</currency>
			<currency type="MUR">
				<displayName>Mauritius Rupie</displayName>
			</currency>
			<currency type="MVR">
				<displayName>Rufiyaa</displayName>
			</currency>
			<currency type="MWK">
				<displayName>Malawi Kwacha</displayName>
			</currency>
			<currency type="MXN">
				<displayName>Mexikanischer Peso</displayName>
			</currency>
			<currency type="MXP">
				<displayName>Mexikanischer Silber-Peso (1861-1992)</displayName>
			</currency>
			<currency type="MXV">
				<displayName>Mexican Unidad de Inversion (UDI)</displayName>
			</currency>
			<currency type="MYR">
				<displayName>Malaysischer Ringgit</displayName>
			</currency>
			<currency type="MZM">
				<displayName>Metical</displayName>
			</currency>
			<currency type="NAD">
				<displayName>Namibia Dollar</displayName>
			</currency>
			<currency type="NGN">
				<displayName>Naira</displayName>
			</currency>
			<currency type="NIC">
				<displayName>Cordoba</displayName>
			</currency>
			<currency type="NIO">
				<displayName>Gold-Cordoba</displayName>
			</currency>
			<currency type="NLG">
				<displayName>Holländischer Gulden</displayName>
			</currency>
			<currency type="NOK">
				<displayName>Norwegische Krone</displayName>
			</currency>
			<currency type="NPR">
				<displayName>Nepalesische Rupie</displayName>
			</currency>
			<currency type="NZD">
				<displayName>Neuseeland Dollar</displayName>
			</currency>
			<currency type="OMR">
				<displayName>Rial Omani</displayName>
			</currency>
			<currency type="PAB">
				<displayName>Balboa</displayName>
			</currency>
			<currency type="PEI">
				<displayName>Peruanischer Inti</displayName>
			</currency>
			<currency type="PEN">
				<displayName>Neuer Sol</displayName>
			</currency>
			<currency type="PES">
				<displayName>Sol</displayName>
			</currency>
			<currency type="PGK">
				<displayName>Kina</displayName>
			</currency>
			<currency type="PHP">
				<displayName>Philippinischer Peso</displayName>
			</currency>
			<currency type="PKR">
				<displayName>Pakistanische Rupie</displayName>
			</currency>
			<currency type="PLN">
				<displayName>Zloty</displayName>
			</currency>
			<currency type="PLZ">
				<displayName>Zloty (1950-1995)</displayName>
			</currency>
			<currency type="PTE">
				<displayName>Portugiesischer Escudo</displayName>
			</currency>
			<currency type="PYG">
				<displayName>Guarani</displayName>
			</currency>
			<currency type="QAR">
				<displayName>Katar Riyal</displayName>
			</currency>
			<currency type="ROL">
				<displayName>Leu</displayName>
			</currency>
			<currency type="RUB">
				<displayName>Russischer Rubel (neu)</displayName>
			</currency>
			<currency type="RUR">
				<displayName>Russischer Rubel (alt)</displayName>
			</currency>
			<currency type="RWF">
				<displayName>Ruanda Franc</displayName>
			</currency>
			<currency type="SAR">
				<displayName>Saudi Riyal</displayName>
			</currency>
			<currency type="SBD">
				<displayName>Salomonen Dollar</displayName>
			</currency>
			<currency type="SCR">
				<displayName>Seychellen Rupie</displayName>
			</currency>
			<currency type="SDD">
				<displayName>Sudanesischer Dinar</displayName>
			</currency>
			<currency type="SDP">
				<displayName>Sudanesisches Pfund</displayName>
			</currency>
			<currency type="SEK">
				<displayName>Schwedische Krone</displayName>
			</currency>
			<currency type="SGD">
				<displayName>Singapur Dollar</displayName>
			</currency>
			<currency type="SHP">
				<displayName>St. Helena Pfund</displayName>
			</currency>
			<currency type="SIT">
				<displayName>Tolar</displayName>
			</currency>
			<currency type="SKK">
				<displayName>Slowakische Krone</displayName>
			</currency>
			<currency type="SLL">
				<displayName>Leone</displayName>
			</currency>
			<currency type="SOS">
				<displayName>Somalia Schilling</displayName>
			</currency>
			<currency type="SRG">
				<displayName>Suriname Gulden</displayName>
			</currency>
			<currency type="STD">
				<displayName>Dobra</displayName>
			</currency>
			<currency type="SUR">
				<displayName>Sowjetischer Rubel</displayName>
			</currency>
			<currency type="SVC">
				<displayName>El Salvador Colon</displayName>
			</currency>
			<currency type="SYP">
				<displayName>Syrisches Pfund</displayName>
			</currency>
			<currency type="SZL">
				<displayName>Lilangeni</displayName>
			</currency>
			<currency type="THB">
				<displayName>Baht</displayName>
			</currency>
			<currency type="TJR">
				<displayName>Tadschikistan Rubel</displayName>
			</currency>
			<currency type="TJS">
				<displayName>Tadschikistan Somoni</displayName>
			</currency>
			<currency type="TMM">
				<displayName>Turkmenistan-Manat</displayName>
			</currency>
			<currency type="TND">
				<displayName>Tunesischer Dinar</displayName>
			</currency>
			<currency type="TOP">
				<displayName>Paʻanga</displayName>
			</currency>
			<currency type="TPE">
				<displayName>Timor Escudo</displayName>
			</currency>
			<currency type="TRL">
				<displayName>Türkische Lira</displayName>
			</currency>
			<currency type="TRY">
				<displayName>Neue Türkische Lira</displayName>
			</currency>
			<currency type="TTD">
				<displayName>Trinidad und Tobago Dollar</displayName>
			</currency>
			<currency type="TWD">
				<displayName>Neuer Taiwan Dollar</displayName>
			</currency>
			<currency type="TZS">
				<displayName>Tansania Schilling</displayName>
			</currency>
			<currency type="UAH">
				<displayName>Hryvnia</displayName>
			</currency>
			<currency type="UAK">
				<displayName>Ukrainischer Karbovanetz</displayName>
			</currency>
			<currency type="UGS">
				<displayName>Uganda Schilling (1966-1987)</displayName>
			</currency>
			<currency type="UGX">
				<displayName>Uganda Schilling</displayName>
			</currency>
			<currency type="USD">
				<displayName>US Dollar</displayName>
			</currency>
			<currency type="USN">
				<displayName>US Dollar (Nächster Tag)</displayName>
			</currency>
			<currency type="USS">
				<displayName>US Dollar (Gleicher Tag)</displayName>
			</currency>
			<currency type="UYU">
				<displayName>Uruguayischer Peso</displayName>
			</currency>
			<currency type="UZS">
				<displayName>Usbekistan Sum</displayName>
			</currency>
			<currency type="VEB">
				<displayName>Bolivar</displayName>
			</currency>
			<currency type="VND">
				<displayName>Dong</displayName>
			</currency>
			<currency type="VUV">
				<displayName>Vatu</displayName>
			</currency>
			<currency type="WST">
				<displayName>Tala</displayName>
			</currency>
			<currency type="XAF">
				<displayName>CFA Franc (Äquatorial)</displayName>
			</currency>
			<currency type="XAU">
				<displayName>Gold</displayName>
			</currency>
			<currency type="XBA">
				<displayName>Europäische Rechnungseinheit</displayName>
			</currency>
			<currency type="XBC">
				<displayName>Europäische Rechnungseinheit (XBC)</displayName>
			</currency>
			<currency type="XBD">
				<displayName>Europäische Rechnungseinheit (XBD)</displayName>
			</currency>
			<currency type="XCD">
				<displayName>Ostkaribischer Dollar</displayName>
				<symbol>EC$</symbol>
			</currency>
			<currency type="XDR">
				<displayName>Sonderziehungsrechte</displayName>
			</currency>
			<currency type="XFO">
				<displayName>Französischer Gold-Franc</displayName>
			</currency>
			<currency type="XFU">
				<displayName>Französischer UIC-Franc</displayName>
			</currency>
			<currency type="XOF">
				<displayName>CFA Franc (West)</displayName>
			</currency>
			<currency type="XPF">
				<displayName>CFP Franc</displayName>
			</currency>
			<currency type="YDD">
				<displayName>Jemen Dinar</displayName>
			</currency>
			<currency type="YER">
				<displayName>Jemen Rial</displayName>
			</currency>
			<currency type="YUD">
				<displayName>Jugoslawischer Dinar (1966-1990)</displayName>
			</currency>
			<currency type="YUM">
				<displayName>Neuer Dinar</displayName>
			</currency>
			<currency type="YUN">
				<displayName>Jugoslawischer Dinar (konvertibel)</displayName>
			</currency>
			<currency type="ZAR">
				<displayName>Rand</displayName>
			</currency>
			<currency type="ZMK">
				<displayName>Kwacha</displayName>
			</currency>
			<currency type="ZRN">
				<displayName>Neuer Zaire</displayName>
			</currency>
			<currency type="ZRZ">
				<displayName>Zaire</displayName>
			</currency>
			<currency type="ZWD">
				<displayName>Simbabwe Dollar</displayName>
			</currency>
		</currencies>
	</numbers>
	<posix>
		<messages>
			<yesstr>ja:j</yesstr>
			<nostr>nein:n</nostr>
			<yesexpr>^([yY]([eE][sS])?)|([jJ][aA]?)</yesexpr>
			<noexpr>^([nN]([oO]|([eE][iI][nN]))?)</noexpr>
		</messages>
	</posix>
</ldml>
<!-- Old Comments. See root.xml for more info.
URL: http://oss.software.ibm.com/cvs/icu/icu/source/data/locales/de.txt?only_with_tag=final-update-LDML

Country names in de, de_AT, and de_CH are short names from the
list of names maintained by the German
Federal Permanent Committee for Geographic Names,
Sta"ndiger Ausschuss fu"r Geographische Namen (StAGN),
as published at its web site at
http://www.ifag.de/kartographie/Stagn/Staatennamen.htm
Date there: 1999-apr-19
Note 2003-sep-19: The site seems to have moved to
http://www.bkg.bund.de/kartographie/stagn/Staatennamen.htm
This shouldn't be used, but valid data should be here.
vorm. -> vormittags -> in the morning
nachm. -> nachmittags -> in the afternoon
Currency display names
See for example "W\u00e4hrungscodes" at
http://www-cik.uni-paderborn.de/vddk/Dokumentationen/Dokumentation_IDM_1_3/ISO-Tabellen/Wahrungscodes/body_wahrungscodes.html
(On the page it says "Quelle: gem\u00e4\u00df ISO 4217 3-alpha-code (Stand: Juli 2000)"
and "Verzeichnis der ISO-Codes f\u00FCr W\u00e4hrung mit Land".)
See also http://umrechnen.de/
        BOV { "BOV", "Mvdol" } // financial instrument
BY { "Belarus" }  // AKA Wei\u00DFrussland
CI { "C\u00F4te d\u0092Ivoire" }
RE { "R\u00E9union" }
some entries that are not in the official list:
For the languages, I am trying to use the adjective list in the
official list of country names.
Sometimes I am guessing.
Markus Scherer, 2000jun01
I just found http://suchfix.uni-muenster.de/vifanie/NedGuideDt/help/languagecode.html
(which is not entirely reliable, contains some English names).
Generally cross-checking with google.de (search for the language name + "Sprache")
and with other CLDR data.
Markus 2003-dec-12
Fallback{ "en" } // commented out because it's too unreliable
in  { "Indonesisch" }  // Use "id" instead
iw { "Hebr\u00e4isch" }// Use he instead
ji  { "Jiddisch" }  // Use "yi" instead
jw  { "Javanisch" } // Use jv instead
        jv  { "Javanisch" } // more google.de hits than Javanesisch
        la  { "Latein" } // Lateinisch doesn't seem correct
        ml  { "Malayalam" } // do not confuse with ms Malaiisch
        ms  { "Malaiisch" } // less often: Malaysisch, Malayisch
        nl  { "Niederl\u00e4ndisch" } // "Holl\u00e4ndisch" is not correct
        om  { "Oromo" } // also mentioned: Afan, Oromiffa
        rw  { "Rwanda-Sprache" } // Kinyarwanda?
        sd  { "Sindhi" } // less often Zinti
        sn  { "Shona" } // looks like Shona is a language in Zimbabwe while Schonisch is a Danish dialect
        so  { "Somali" } // "Somalisch" is the adjectiv in the country list but less frequent on google.de
        tk  { "Turkmenisch" } // "T\u00fcrkmenisch" is a typo
        tn  { "Tswana-Sprache" } // language of Botswana, also Tswana, very rarely Tsuana; Sezuan is in China
        tw  { "Twi" } // spoken in Ghana
        wo  { "Wolof" } // in Senegal
        xh  { "Xhosa" } // in South Africa
        za  { "Zhuang" } // in China
        zap { "Zapotekisch" } // in Mexico
        "Latn",  // ISO 15924 Name 
I "verified" each of these by searching www.google.de for
"Bopomofo Schrift", "Koptische Schrift", etc.
Ones that are commented out and have no further comment I don't know
and could not find.
Note: The script names in German that are used directly as English or
native transliterated names are often used with a dash between them and
"Schrift", e.g., "Kannada-Schrift".
Other script names are used as in "Arabische Schrift".
Sometimes I included "Schrift" in the display name here because it
would not make any sense without it, even with "Schrift" in a higher-level
menu or similar.
markus 2003-nov-20
Buhd { "Buhid" }
Cans { "Unified Canadian Aboriginal Symbols" }
Dsrt { "Deseret" }
Hano { "Hanunoo" }
Shaw { "Shavian" }
Tagb { "Tagbanwa" }
Tale { "Tai Le" }
Thaa { "Thaana" }
Thai { "Thai" } // Just happens to be a duplicate - in German, too

Comments without bases

 Kiribati 	 - was on: /ldml/dates/timeZoneNames/zone[@type="Pacific/Enderbury"]
 Marshall Islands 	 - was on: /ldml/dates/timeZoneNames/zone[@type="Pacific/Kwajalein"]
 Mali 	 - was on: /ldml/dates/timeZoneNames/zone[@type="Africa/Bamako"]
 Ecuador 	 - was on: /ldml/dates/timeZoneNames/zone[@type="Pacific/Galapagos"]
 Indonesia 	 - was on: /ldml/dates/timeZoneNames/zone[@type="Asia/Jakarta"]
 Russia 	 - was on: /ldml/dates/timeZoneNames/zone[@type="Europe/Kaliningrad"]
 United States 	 - was on: /ldml/dates/timeZoneNames/zone[@type="America/Adak"]
 Kazakhstan 	 - was on: /ldml/dates/timeZoneNames/zone[@type="Asia/Aqtau"]
 Portugal 	 - was on: /ldml/dates/timeZoneNames/zone[@type="Atlantic/Madeira"]
 Brazil 	 - was on: /ldml/dates/timeZoneNames/zone[@type="America/Eirunepe"]
 Antarctica 	 - was on: /ldml/dates/timeZoneNames/zone[@type="Antarctica/Rothera"]
 Malaysia 	 - was on: /ldml/dates/timeZoneNames/zone[@type="Asia/Kuala_Lumpur"]
 Canada 	 - was on: /ldml/dates/timeZoneNames/zone[@type="America/Dawson"]
 Micronesia 	 - was on: /ldml/dates/timeZoneNames/zone[@type="Pacific/Yap"]
 Argentina 	 - was on: /ldml/dates/timeZoneNames/zone[@type="America/Argentina/Rio_Gallegos"]
 United States Minor Outlying Islands 	 - was on: /ldml/dates/timeZoneNames/zone[@type="Pacific/Midway"]
 Mexico 	 - was on: /ldml/dates/timeZoneNames/zone[@type="America/Tijuana"]
 Democratic Republic of the Congo 	 - was on: /ldml/dates/timeZoneNames/zone[@type="Africa/Kinshasa"]
 United Kingdom 	 - was on: /ldml/dates/timeZoneNames/zone[@type="Europe/Belfast"]
 French Polynesia 	 - was on: /ldml/dates/timeZoneNames/zone[@type="Pacific/Tahiti"]
 New Zealand 	 - was on: /ldml/dates/timeZoneNames/zone[@type="Pacific/Chatham"]
 Greenland 	 - was on: /ldml/dates/timeZoneNames/zone[@type="America/Thule"]
 Mongolia 	 - was on: /ldml/dates/timeZoneNames/zone[@type="Asia/Hovd"]
 Uzbekistan 	 - was on: /ldml/dates/timeZoneNames/zone[@type="Asia/Samarkand"]
 Svalbard and Jan Mayen 	 - was on: /ldml/dates/timeZoneNames/zone[@type="Atlantic/Jan_Mayen"]
 Australia 	 - was on: /ldml/dates/timeZoneNames/zone[@type="Australia/Perth"]
 China 	 - was on: /ldml/dates/timeZoneNames/zone[@type="Asia/Kashgar"]
-->

