<?xml version="1.0" encoding="UTF-8" ?>
<!DOCTYPE ldml SYSTEM "http://www.unicode.org/cldr/dtd/1.3/ldml.dtd">
<ldml>
	<identity>
		<version number="$Revision: 1.19 $"/>
		<generation date="$Date: 2005/04/21 06:35:48 $"/>
		<language type="dv"/>
	</identity>
	<localeDisplayNames>
		<languages>
			<language type="dv" draft="true">ދިވެހިބަސް</language>
		</languages>
		<territories>
			<territory type="MV" draft="true">ދިވެހި ރާއްޖެ</territory>
		</territories>
	</localeDisplayNames>
	<characters>
		<exemplarCharacters draft="true">[ހ-ޱ‌‍]</exemplarCharacters>
	</characters>
	<numbers>
		<symbols>
			<list draft="true">،</list>
			<nativeZeroDigit draft="true">٠</nativeZeroDigit>
		</symbols>
		<decimalFormats>
			<decimalFormatLength>
				<decimalFormat>
					<pattern draft="true">#,##,##0.###</pattern>
				</decimalFormat>
			</decimalFormatLength>
		</decimalFormats>
		<percentFormats>
			<percentFormatLength>
				<percentFormat>
					<pattern draft="true">#,##,##0%</pattern>
				</percentFormat>
			</percentFormatLength>
		</percentFormats>
		<currencyFormats>
			<currencyFormatLength>
				<currencyFormat>
					<pattern draft="true">¤ #,##,##0.00</pattern>
				</currencyFormat>
			</currencyFormatLength>
		</currencyFormats>
		<currencies>
			<currency type="MVR">
				<symbol draft="true">ރ.</symbol>
			</currency>
		</currencies>
	</numbers>
</ldml>

