<?xml version="1.0" encoding="UTF-8" ?>
<!DOCTYPE ldml SYSTEM "http://www.unicode.org/cldr/dtd/1.3/ldml.dtd">
<ldml>
	<identity>
		<version number="$Revision: 1.28 $"/>
		<generation date="$Date: 2005/04/21 15:45:02 $"/>
		<language type="es"/>
		<territory type="CO"/>
	</identity>
	<dates>
		<calendars>
			<calendar type="gregorian">
				<dateFormats>
					<dateFormatLength type="medium">
						<dateFormat>
							<pattern>d/MM/yyyy</pattern>
						</dateFormat>
					</dateFormatLength>
				</dateFormats>
				<timeFormats>
					<timeFormatLength type="full">
						<timeFormat>
							<pattern>HH:mm:ss z</pattern>
						</timeFormat>
					</timeFormatLength>
					<timeFormatLength type="long">
						<timeFormat>
							<pattern>H:mm:ss z</pattern>
						</timeFormat>
					</timeFormatLength>
					<timeFormatLength type="medium">
						<timeFormat>
							<pattern>H:mm:ss</pattern>
						</timeFormat>
					</timeFormatLength>
					<timeFormatLength type="short">
						<timeFormat>
							<pattern>H:mm</pattern>
						</timeFormat>
					</timeFormatLength>
				</timeFormats>
			</calendar>
		</calendars>
	</dates>
	<numbers>
		<currencies>
			<currency type="COP">
				<displayName>Peso de Colombia</displayName>
				<symbol>$</symbol>
			</currency>
			<currency type="USD">
				<displayName>Dólar Americano</displayName>
			</currency>
		</currencies>
	</numbers>
</ldml>

