<?xml version="1.0" encoding="UTF-8" ?>
<!DOCTYPE ldml SYSTEM "http://www.unicode.org/cldr/dtd/1.3/ldml.dtd">
<ldml>
	<identity>
		<version number="$Revision: 1.27 $"/>
		<generation date="$Date: 2005/04/21 15:45:02 $"/>
		<language type="et"/>
		<territory type="EE"/>
	</identity>
	<delimiters>
		<quotationStart draft="true">„</quotationStart>
		<quotationEnd draft="true">“</quotationEnd>
		<alternateQuotationStart draft="true">„</alternateQuotationStart>
		<alternateQuotationEnd draft="true">“</alternateQuotationEnd>
	</delimiters>
	<dates>
		<calendars>
			<calendar type="gregorian">
				<eras>
					<eraNames>
						<era type="0" draft="true">enne meie aega</era>
						<era type="1" draft="true">meie aja järgi</era>
					</eraNames>
				</eras>
			</calendar>
		</calendars>
	</dates>
	<numbers>
		<currencyFormats>
			<currencyFormatLength>
				<currencyFormat>
					<pattern>#,##0.00 ¤</pattern>
				</currencyFormat>
			</currencyFormatLength>
		</currencyFormats>
	</numbers>
</ldml>

