<?xml version="1.0" encoding="UTF-8" ?>
<!DOCTYPE ldml SYSTEM "http://www.unicode.org/cldr/dtd/1.3/ldml.dtd">
<ldml>
	<identity>
		<version number="$Revision: 1.28 $"/>
		<generation date="$Date: 2005/05/24 21:21:38 $"/>
		<language type="fi"/>
		<territory type="FI"/>
	</identity>
	<characters>
		<exemplarCharacters type="auxiliary">[à á ã æ è é ë ï ô õ ø ü œ ç č ñ ř â đ ń ŋ ŧ ŧ ǥ ǧ ǩ ǯ ʒ ȟ]</exemplarCharacters>
	</characters>
	<numbers>
		<currencyFormats>
			<currencyFormatLength>
				<currencyFormat>
					<pattern>#,##0.00 ¤</pattern>
				</currencyFormat>
			</currencyFormatLength>
		</currencyFormats>
	</numbers>
</ldml>

