<?xml version="1.0" encoding="UTF-8" ?>
<!DOCTYPE ldml SYSTEM "http://www.unicode.org/cldr/dtd/1.3/ldml.dtd">
<ldml>
	<identity>
		<version number="$Revision: 1.15 $"/>
		<generation date="$Date: 2005/04/02 23:43:14 $"/>
		<language type="haw"/>
	</identity>
	<localeDisplayNames>
		<languages>
			<language type="haw" draft="true">ʻōlelo Hawaiʻi</language>
		</languages>
		<territories>
			<territory type="AU" draft="true">Nūhōlani</territory>
			<territory type="CA" draft="true">Kanakā</territory>
			<territory type="CN" draft="true">Kina</territory>
			<territory type="DE" draft="true">Kelemānia</territory>
			<territory type="DK" draft="true">Kenemaka</territory>
			<territory type="ES" draft="true">Kepania</territory>
			<territory type="FR" draft="true">Palani</territory>
			<territory type="GB" draft="true">Aupuni Mōʻī Hui Pū ʻIa</territory>
			<territory type="GR" draft="true">Helene</territory>
			<territory type="IE" draft="true">ʻIlelani</territory>
			<territory type="IL" draft="true">ʻIseraʻela</territory>
			<territory type="IN" draft="true">ʻĪnia</territory>
			<territory type="IT" draft="true">ʻĪkālia</territory>
			<territory type="JP" draft="true">Iāpana</territory>
			<territory type="MX" draft="true">Mekiko</territory>
			<territory type="NL" draft="true">Hōlani</territory>
			<territory type="NZ" draft="true">Aotearoa</territory>
			<territory type="PH" draft="true">ʻĀina Pilipino</territory>
			<territory type="RU" draft="true">Lūkia</territory>
			<territory type="US" draft="true">ʻAmelika Hui Pū ʻIa</territory>
		</territories>
	</localeDisplayNames>
	<characters>
		<exemplarCharacters draft="true">[āēīōūaeiouhklmnpwʻ]</exemplarCharacters>
	</characters>
	<dates>
		<calendars>
			<calendar type="gregorian">
				<months>
					<monthContext type="format">
						<monthWidth type="abbreviated">
							<month type="1" draft="true">Ian.</month>
							<month type="2" draft="true">Pep.</month>
							<month type="3" draft="true">Mal.</month>
							<month type="4" draft="true">ʻAp.</month>
							<month type="5" draft="true">Mei</month>
							<month type="6" draft="true">Iun.</month>
							<month type="7" draft="true">Iul.</month>
							<month type="8" draft="true">ʻAu.</month>
							<month type="9" draft="true">Kep.</month>
							<month type="10" draft="true">ʻOk.</month>
							<month type="11" draft="true">Now.</month>
							<month type="12" draft="true">Kek.</month>
						</monthWidth>
						<monthWidth type="wide">
							<month type="1" draft="true">Ianuali</month>
							<month type="2" draft="true">Pepeluali</month>
							<month type="3" draft="true">Malaki</month>
							<month type="4" draft="true">ʻApelila</month>
							<month type="5" draft="true">Mei</month>
							<month type="6" draft="true">Iune</month>
							<month type="7" draft="true">Iulai</month>
							<month type="8" draft="true">ʻAukake</month>
							<month type="9" draft="true">Kepakemapa</month>
							<month type="10" draft="true">ʻOkakopa</month>
							<month type="11" draft="true">Nowemapa</month>
							<month type="12" draft="true">Kekemapa</month>
						</monthWidth>
					</monthContext>
				</months>
				<days>
					<dayContext type="format">
						<dayWidth type="abbreviated">
							<day type="sun" draft="true">LP</day>
							<day type="mon" draft="true">P1</day>
							<day type="tue" draft="true">P2</day>
							<day type="wed" draft="true">P3</day>
							<day type="thu" draft="true">P4</day>
							<day type="fri" draft="true">P5</day>
							<day type="sat" draft="true">P6</day>
						</dayWidth>
						<dayWidth type="wide">
							<day type="sun" draft="true">Lāpule</day>
							<day type="mon" draft="true">Poʻakahi</day>
							<day type="tue" draft="true">Poʻalua</day>
							<day type="wed" draft="true">Poʻakolu</day>
							<day type="thu" draft="true">Poʻahā</day>
							<day type="fri" draft="true">Poʻalima</day>
							<day type="sat" draft="true">Poʻaono</day>
						</dayWidth>
					</dayContext>
				</days>
			</calendar>
		</calendars>
	</dates>
</ldml>

