<?xml version="1.0" encoding="UTF-8" ?>
<!DOCTYPE ldml SYSTEM "http://www.unicode.org/cldr/dtd/1.3/ldml.dtd">
<ldml>
	<identity>
		<version number="$Revision: 1.27 $"/>
		<generation date="$Date: 2005/03/10 19:11:17 $"/>
		<language type="hy"/>
		<territory type="AM"/>
	</identity>
	<dates>
		<calendars>
			<calendar type="gregorian">
				<eras>
					<eraAbbr>
						<era type="0">Ք․Ա․</era>
						<era type="1">Ք․Ե․</era>
					</eraAbbr>
				</eras>
			</calendar>
		</calendars>
	</dates>
</ldml>
<!-- Old Comments. See root.xml for more info.
URL: http://oss.software.ibm.com/cvs/icu/icu/source/data/locales/hy_AM.txt?only_with_tag=final-update-LDML

*   Data by :
*         Bedo Agopian    www.agosoft.com
*         Aram Airapetian
*         Arminco Global Telecommunications
*         Jora Manoucherians
*         Richard Youatt
                "\u0554\u2024\u0531\u2024",      // K.A.
                "\u0554\u2024\u0535\u2024"       // K.E.
-->

