<?xml version="1.0" encoding="UTF-8" ?>
<!DOCTYPE ldml SYSTEM "http://www.unicode.org/cldr/dtd/1.3/ldml.dtd">
<ldml>
	<identity>
		<version number="$Revision: 1.27 $"/>
		<generation date="$Date: 2005/03/10 19:11:17 $"/>
		<language type="hy"/>
		<territory type="AM"/>
		<variant type="REVISED"/>
	</identity>
	<dates>
		<calendars>
			<calendar type="gregorian">
				<months>
					<monthContext type="format">
						<monthWidth type="abbreviated">
							<month type="1">Հնվ</month>
							<month type="2">Փտվ</month>
							<month type="6">Հնս</month>
							<month type="7">Հլս</month>
						</monthWidth>
						<monthWidth type="wide">
							<month type="1">Հունվար</month>
							<month type="2">Փետրվար</month>
							<month type="6">Հունիս</month>
							<month type="7">Հուլիս</month>
						</monthWidth>
					</monthContext>
				</months>
				<pm>Կե․</pm>
				<eras>
					<eraAbbr>
						<era type="0">Մ․Թ․Ա․</era>
						<era type="1">Մ․Թ․</era>
					</eraAbbr>
				</eras>
			</calendar>
		</calendars>
	</dates>
</ldml>
<!-- Old Comments. See root.xml for more info.
URL: http://oss.software.ibm.com/cvs/icu/icu/source/data/locales/hy_AM_REVISED.txt?only_with_tag=final-update-LDML

*   Data by :
*         Bedo Agopian   www.agosoft.com
*         Aram Airapetian
*         Arminco Global Telecommunications
*         Jora Manoucherians
*         Richard Youatt
Just use the data from the parent.
The original data in this locale looked suspicious.
-->

