<?xml version="1.0" encoding="UTF-8" ?>
<!DOCTYPE ldml SYSTEM "http://www.unicode.org/cldr/dtd/1.3/ldml.dtd">
<ldml>
	<identity>
		<version number="$Revision: 1.15 $"/>
		<generation date="$Date: 2005/04/02 23:43:14 $"/>
		<language type="iu"/>
	</identity>
	<localeDisplayNames>
		<languages>
			<language type="iu" draft="true">ᐃᓄᒃᑎᑐᑦ ᑎᑎᕋᐅᓯᖅ</language>
		</languages>
	</localeDisplayNames>
	<characters>
		<exemplarCharacters draft="true">[ᐃ-ᐆᐊᐋᐱ-ᐴᐸᐹᑉᑎ-ᑑᑕᑖᑦᑭ-ᑰᑲᑳᒃᒋ-ᒎᒐ-ᒑᒡᒥ-ᒨᒪᒫᒻᓂ-ᓅᓇᓈᓐᓕ-ᓘᓚᓛᓪᓯ-ᓲᓴᓵᔅᔨ-ᔫᔭᔮᔾᕆ-ᕉᕋ-ᕌᕐᕕ-ᕚᕝᕿ-ᖃᖅᖏᖑ-ᖖᖠ-ᖦᙱ-ᙶ]</exemplarCharacters>
	</characters>
	<dates>
		<calendars>
			<calendar type="gregorian">
				<months>
					<monthContext type="format">
						<monthWidth type="abbreviated">
							<month type="1" draft="true">ᔭᓐᓄᐊᓕ</month>
							<month type="2" draft="true">ᕕᕝᕗᐊᓕ</month>
							<month type="3" draft="true">ᒫᑦᓯ</month>
							<month type="4" draft="true">ᐊᐃᑉᐳᓗ</month>
							<month type="5" draft="true">ᒪᐃ</month>
							<month type="6" draft="true">ᔫᓂ</month>
							<month type="7" draft="true">ᔪᓚᐃ</month>
							<month type="8" draft="true">ᐊᐅᒡᒍᓯ</month>
							<month type="9" draft="true">ᓰᑦᑏᕝᕙ</month>
							<month type="10" draft="true">ᐆᑦᑑᕝᕙ</month>
							<month type="11" draft="true">ᓅᕙᐃᕝᕙ</month>
							<month type="12" draft="true">ᑏᓰᕝᕙ</month>
						</monthWidth>
						<monthWidth type="wide">
							<month type="1" draft="true">ᔭᓐᓄᐊᓕ</month>
							<month type="2" draft="true">ᕕᕝᕗᐊᓕ</month>
							<month type="3" draft="true">ᒫᑦᓯ</month>
							<month type="4" draft="true">ᐊᐃᑉᐳᓗ</month>
							<month type="5" draft="true">ᒪᐃ</month>
							<month type="6" draft="true">ᔫᓂ</month>
							<month type="7" draft="true">ᔪᓚᐃ</month>
							<month type="8" draft="true">ᐊᐅᒡᒍᓯ</month>
							<month type="9" draft="true">ᓰᑦᑏᕝᕙ</month>
							<month type="10" draft="true">ᐆᑦᑑᕝᕙ</month>
							<month type="11" draft="true">ᓅᕙᐃᕝᕙ</month>
							<month type="12" draft="true">ᑏᓰᕝᕙ</month>
						</monthWidth>
					</monthContext>
				</months>
				<days>
					<dayContext type="format">
						<dayWidth type="abbreviated">
							<day type="sun" draft="true">ᓈᑦᓰᖑᔭ</day>
							<day type="mon" draft="true">ᓇᒡᒐᔾᔭᐅ</day>
							<day type="tue" draft="true">ᓇᒡᒐᔾᔭᐅᓕᖅᑭ</day>
							<day type="wed" draft="true">ᐱᖓᑦᓯᖅ</day>
							<day type="thu" draft="true">ᓯᑕᒻᒥᖅ</day>
							<day type="fri" draft="true">ᑕᓪᓕᕐᒥᖅ</day>
							<day type="sat" draft="true">ᓈᑦᓰᖑᔭᓕᖅᕿ</day>
						</dayWidth>
						<dayWidth type="wide">
							<day type="sun" draft="true">ᓈᑦᓰᖑᔭ</day>
							<day type="mon" draft="true">ᓇᒡᒐᔾᔭᐅ</day>
							<day type="tue" draft="true">ᓇᒡᒐᔾᔭᐅᓕᖅᑭ</day>
							<day type="wed" draft="true">ᐱᖓᑦᓯᖅ</day>
							<day type="thu" draft="true">ᓯᑕᒻᒥᖅ</day>
							<day type="fri" draft="true">ᑕᓪᓕᕐᒥᖅ</day>
							<day type="sat" draft="true">ᓈᑦᓰᖑᔭᓕᖅᕿ</day>
						</dayWidth>
					</dayContext>
				</days>
			</calendar>
		</calendars>
	</dates>
</ldml>

