<?xml version="1.0" encoding="UTF-8" ?>
<!DOCTYPE ldml SYSTEM "http://www.unicode.org/cldr/dtd/1.3/ldml.dtd">
<ldml>
	<identity>
		<version number="$Revision: 1.22 $"/>
		<generation date="$Date: 2005/04/16 06:22:53 $"/>
		<language type="ka"/>
	</identity>
	<localeDisplayNames>
		<languages>
			<language type="ka" draft="true">ქართული</language>
		</languages>
		<territories>
			<territory type="AD" draft="true">ანდორა</territory>
			<territory type="AE" draft="true">არაბეთის გაერთიანებული ემირატები</territory>
			<territory type="AF" draft="true">ავღანეთი</territory>
			<territory type="AG" draft="true">ანტიგუა და ბარბუდა</territory>
			<territory type="AL" draft="true">ალბანეთი</territory>
			<territory type="AM" draft="true">სასომხეთი</territory>
			<territory type="AO" draft="true">ანგოლა</territory>
			<territory type="AR" draft="true">არგენტინა</territory>
			<territory type="AT" draft="true">ავსტრია</territory>
			<territory type="AU" draft="true">ავსტრალია</territory>
			<territory type="AZ" draft="true">აზერბაიჯანი</territory>
			<territory type="BA" draft="true">ბოსნია და ჰერცეგოვინა</territory>
			<territory type="BB" draft="true">ბარბადოსი</territory>
			<territory type="BD" draft="true">ბანგლადეში</territory>
			<territory type="BE" draft="true">ბელგია</territory>
			<territory type="BF" draft="true">ბურკინა-ფასო</territory>
			<territory type="BG" draft="true">ბულგარეთი</territory>
			<territory type="BH" draft="true">ბაჰრეინი</territory>
			<territory type="BI" draft="true">ბურუნდი</territory>
			<territory type="BJ" draft="true">ბენინი</territory>
			<territory type="BN" draft="true">ბრუნეი</territory>
			<territory type="BO" draft="true">ბოლივია</territory>
			<territory type="BR" draft="true">ბრაზილია</territory>
			<territory type="BS" draft="true">ბაჰამის კუნძულები</territory>
			<territory type="BT" draft="true">ბუტანი</territory>
			<territory type="BW" draft="true">ბოტსვანა</territory>
			<territory type="BY" draft="true">ბელორუსია</territory>
			<territory type="BZ" draft="true">ბელიზი</territory>
			<territory type="CA" draft="true">კანადა</territory>
			<territory type="CF" draft="true">ცენტრალური აფრიკის რესპუბლიკა</territory>
			<territory type="CG" draft="true">კონგო</territory>
			<territory type="CH" draft="true">შვეიცარია</territory>
			<territory type="CI" draft="true">სპილოს ძვლის სანაპირო</territory>
			<territory type="CL" draft="true">ჩილი</territory>
			<territory type="CM" draft="true">კამერუნი</territory>
			<territory type="CN" draft="true">ჩინეთი</territory>
			<territory type="CO" draft="true">კოლუმბია</territory>
			<territory type="CR" draft="true">კოსტა-რიკა</territory>
			<territory type="CS" draft="true">სერბია</territory>
			<territory type="CU" draft="true">კუბა</territory>
			<territory type="CV" draft="true">კაბო-ვერდე</territory>
			<territory type="CY" draft="true">კვიპროსი</territory>
			<territory type="CZ" draft="true">ჩეხეთის რესპუბლიკა</territory>
			<territory type="DE" draft="true">გერმანია</territory>
			<territory type="DJ" draft="true">ჯიბუტი</territory>
			<territory type="DK" draft="true">დანია</territory>
			<territory type="DM" draft="true">დომინიკა</territory>
			<territory type="DO" draft="true">დომინიკანის რესპუბლიკა</territory>
			<territory type="DZ" draft="true">ალჟირი</territory>
			<territory type="EC" draft="true">ეკვადორი</territory>
			<territory type="EE" draft="true">ესტონეთი</territory>
			<territory type="EG" draft="true">ეგვიპტე</territory>
			<territory type="EH" draft="true">დასავლეთი საჰარა</territory>
			<territory type="ER" draft="true">ერიტრეა</territory>
			<territory type="ES" draft="true">ესპანეთი</territory>
			<territory type="ET" draft="true">ეთიოპია</territory>
			<territory type="FI" draft="true">ფინეთი</territory>
			<territory type="FJ" draft="true">ფიჯი</territory>
			<territory type="FM" draft="true">მიკრონეზია</territory>
			<territory type="FR" draft="true">საფრანგეთი</territory>
			<territory type="GA" draft="true">გაბონი</territory>
			<territory type="GD" draft="true">გრენადა</territory>
			<territory type="GE" draft="true">საქართველო</territory>
			<territory type="GH" draft="true">განა</territory>
			<territory type="GM" draft="true">გამბია</territory>
			<territory type="GN" draft="true">გვინეა</territory>
			<territory type="GQ" draft="true">ეკვატორული გვინეა</territory>
			<territory type="GR" draft="true">საბერძნეთი</territory>
			<territory type="GT" draft="true">გვატემალა</territory>
			<territory type="GW" draft="true">გვინეა-ბისაუ</territory>
			<territory type="GY" draft="true">გაიანა</territory>
			<territory type="HN" draft="true">ჰონდურასი</territory>
			<territory type="HR" draft="true">ჰორვატია</territory>
			<territory type="HT" draft="true">ჰაიტი</territory>
			<territory type="HU" draft="true">უნგრეთი</territory>
			<territory type="ID" draft="true">ინდონეზია</territory>
			<territory type="IE" draft="true">ირლანდია</territory>
			<territory type="IL" draft="true">ისრაელი</territory>
			<territory type="IN" draft="true">ინდოეთი</territory>
			<territory type="IQ" draft="true">ერაყი</territory>
			<territory type="IR" draft="true">ირანი</territory>
			<territory type="IS" draft="true">ისლანდია</territory>
			<territory type="IT" draft="true">იტალია</territory>
			<territory type="JM" draft="true">იამაიკა</territory>
			<territory type="JO" draft="true">იორდანია</territory>
			<territory type="JP" draft="true">იაპონია</territory>
			<territory type="KE" draft="true">კენია</territory>
			<territory type="KG" draft="true">ყირგიზეთი</territory>
			<territory type="KH" draft="true">კამბოჯა</territory>
			<territory type="KI" draft="true">კირიბატი</territory>
			<territory type="KM" draft="true">კომორის კუნძულები</territory>
			<territory type="KN" draft="true">სენტ-კიტსი და ნევისი</territory>
			<territory type="KP" draft="true">ჩრდილოეთ კორეა</territory>
			<territory type="KR" draft="true">სამხრეთ კორეა</territory>
			<territory type="KW" draft="true">კუვეიტი</territory>
			<territory type="KZ" draft="true">ყაზახეთი</territory>
			<territory type="LA" draft="true">ლაოსი</territory>
			<territory type="LB" draft="true">ლიბანი</territory>
			<territory type="LC" draft="true">სენტ-ლუსია</territory>
			<territory type="LI" draft="true">ლიხტენშტეინი</territory>
			<territory type="LK" draft="true">შრი-ლანკა</territory>
			<territory type="LR" draft="true">ლიბერია</territory>
			<territory type="LS" draft="true">ლესოტო</territory>
			<territory type="LT" draft="true">ლიტვა</territory>
			<territory type="LU" draft="true">ლუქსემბურგი</territory>
			<territory type="LV" draft="true">ლატვია</territory>
			<territory type="LY" draft="true">ლიბია</territory>
			<territory type="MA" draft="true">მაროკო</territory>
			<territory type="MC" draft="true">მონაკო</territory>
			<territory type="MD" draft="true">მოლდოვა</territory>
			<territory type="MG" draft="true">მადაგასკარი</territory>
			<territory type="MH" draft="true">მარშალის კუნძულები</territory>
			<territory type="MK" draft="true">მაკედონია</territory>
			<territory type="ML" draft="true">მალი</territory>
			<territory type="MM" draft="true">მიანმარი</territory>
			<territory type="MN" draft="true">მონღოლეთი</territory>
			<territory type="MR" draft="true">მავრიტანია</territory>
			<territory type="MT" draft="true">მალტა</territory>
			<territory type="MU" draft="true">მავრიკია</territory>
			<territory type="MV" draft="true">მალდივის კუნძულები</territory>
			<territory type="MW" draft="true">მალავი</territory>
			<territory type="MX" draft="true">მექსიკა</territory>
			<territory type="MY" draft="true">მალაიზია</territory>
			<territory type="MZ" draft="true">მოზამბიკი</territory>
			<territory type="NA" draft="true">ნამიბია</territory>
			<territory type="NE" draft="true">ნიგერი</territory>
			<territory type="NG" draft="true">ნიგერია</territory>
			<territory type="NI" draft="true">ნიკარაგუა</territory>
			<territory type="NL" draft="true">ნიდერლანდები</territory>
			<territory type="NO" draft="true">ნორვეგია</territory>
			<territory type="NP" draft="true">ნეპალი</territory>
			<territory type="NR" draft="true">ნაურუ</territory>
			<territory type="NZ" draft="true">ახალი ზელანდია</territory>
			<territory type="OM" draft="true">ომანი</territory>
			<territory type="PA" draft="true">პანამა</territory>
			<territory type="PE" draft="true">პერუ</territory>
			<territory type="PG" draft="true">პაპუა-ახალი გვინეა</territory>
			<territory type="PH" draft="true">ფილიპინები</territory>
			<territory type="PK" draft="true">პაკისტანი</territory>
			<territory type="PL" draft="true">პოლონეთი</territory>
			<territory type="PT" draft="true">პორტუგალია</territory>
			<territory type="PW" draft="true">პალაუ</territory>
			<territory type="PY" draft="true">პარაგვაი</territory>
			<territory type="QA" draft="true">კატარი</territory>
			<territory type="RO" draft="true">რუმინეთი</territory>
			<territory type="RU" draft="true">რუსეთი</territory>
			<territory type="RW" draft="true">რუანდა</territory>
			<territory type="SA" draft="true">საუდის არაბეთი</territory>
			<territory type="SB" draft="true">სოლომონის კუნძულები</territory>
			<territory type="SC" draft="true">სეიშელის კუნძულები</territory>
			<territory type="SD" draft="true">სუდანი</territory>
			<territory type="SE" draft="true">შვეცია</territory>
			<territory type="SG" draft="true">სინგაპური</territory>
			<territory type="SI" draft="true">სლოვენია</territory>
			<territory type="SK" draft="true">სლოვაკეთი</territory>
			<territory type="SL" draft="true">სიერა-ლეონე</territory>
			<territory type="SM" draft="true">სან-მარინო</territory>
			<territory type="SN" draft="true">სენეგალი</territory>
			<territory type="SO" draft="true">სომალი</territory>
			<territory type="SR" draft="true">სურინამი</territory>
			<territory type="ST" draft="true">საო-ტომე და პრინსიპი</territory>
			<territory type="SV" draft="true">სალვადორი</territory>
			<territory type="SY" draft="true">სირია</territory>
			<territory type="SZ" draft="true">სვაზილენდი</territory>
			<territory type="TD" draft="true">ჩადი</territory>
			<territory type="TG" draft="true">ტოგო</territory>
			<territory type="TH" draft="true">ტაილანდი</territory>
			<territory type="TJ" draft="true">ტაჯიკეთი</territory>
			<territory type="TM" draft="true">თურქმენეთი</territory>
			<territory type="TN" draft="true">ტუნისი</territory>
			<territory type="TO" draft="true">ტონგა</territory>
			<territory type="TR" draft="true">თურქეთი</territory>
			<territory type="TT" draft="true">ტრინიდადი და ტობაგო</territory>
			<territory type="TV" draft="true">ტუვალუ</territory>
			<territory type="TW" draft="true">ტაივანი</territory>
			<territory type="TZ" draft="true">ტანზანია</territory>
			<territory type="UA" draft="true">უკრაინა</territory>
			<territory type="UG" draft="true">უგანდა</territory>
			<territory type="US" draft="true">ამერიკის შეერთებული შტატები</territory>
			<territory type="UY" draft="true">ურუგვაი</territory>
			<territory type="UZ" draft="true">უზბაკეთი</territory>
			<territory type="VA" draft="true">ვატიკანი</territory>
			<territory type="VC" draft="true">სენტ-ვინსენტი და გრენადინები</territory>
			<territory type="VE" draft="true">ვენესუელა</territory>
			<territory type="VN" draft="true">ვიეტნამი</territory>
			<territory type="VU" draft="true">ვანუატუ</territory>
			<territory type="WS" draft="true">სამოა</territory>
			<territory type="YE" draft="true">იემენი</territory>
			<territory type="ZA" draft="true">სამხრეთ აფრიკა</territory>
			<territory type="ZM" draft="true">ზამბია</territory>
			<territory type="ZW" draft="true">ზიმბაბვე</territory>
		</territories>
	</localeDisplayNames>
	<characters>
		<exemplarCharacters draft="true">[Ⴀ-Ⴥა-ჺჼⴀ-ⴥ]</exemplarCharacters>
	</characters>
	<numbers>
		<symbols>
			<decimal draft="true">,</decimal>
			<group draft="true"> </group>
		</symbols>
		<currencies>
			<currency type="GEL">
				<symbol draft="true">Lari</symbol>
			</currency>
		</currencies>
	</numbers>
</ldml>

