<?xml version="1.0" encoding="UTF-8" ?>
<!DOCTYPE ldml SYSTEM "http://www.unicode.org/cldr/dtd/1.3/ldml.dtd">
<ldml>
	<identity>
		<version number="$Revision: 1.27 $"/>
		<generation date="$Date: 2005/03/10 19:11:17 $"/>
		<language type="kw"/>
	</identity>
	<localeDisplayNames>
		<languages>
			<language type="kw">kernewek</language>
		</languages>
		<territories>
			<territory type="GB">Rywvaneth Unys</territory>
		</territories>
	</localeDisplayNames>
	<characters>
		<exemplarCharacters>[a-z]</exemplarCharacters>
	</characters>
	<dates>
		<calendars>
			<calendar type="gregorian">
				<months>
					<monthContext type="format">
						<monthWidth type="abbreviated">
							<month type="1">Gen</month>
							<month type="2">Whe</month>
							<month type="3">Mer</month>
							<month type="4">Ebr</month>
							<month type="5">Me</month>
							<month type="6">Efn</month>
							<month type="7">Gor</month>
							<month type="8">Est</month>
							<month type="9">Gwn</month>
							<month type="10">Hed</month>
							<month type="11">Du</month>
							<month type="12">Kev</month>
						</monthWidth>
						<monthWidth type="wide">
							<month type="1">Mys Genver</month>
							<month type="2">Mys Whevrel</month>
							<month type="3">Mys Merth</month>
							<month type="4">Mys Ebrel</month>
							<month type="5">Mys Me</month>
							<month type="6">Mys Efan</month>
							<month type="7">Mys Gortheren</month>
							<month type="8">Mye Est</month>
							<month type="9">Mys Gwyngala</month>
							<month type="10">Mys Hedra</month>
							<month type="11">Mys Du</month>
							<month type="12">Mys Kevardhu</month>
						</monthWidth>
					</monthContext>
				</months>
				<days>
					<dayContext type="format">
						<dayWidth type="abbreviated">
							<day type="sun">Sul</day>
							<day type="mon">Lun</day>
							<day type="tue">Mth</day>
							<day type="wed">Mhr</day>
							<day type="thu">Yow</day>
							<day type="fri">Gwe</day>
							<day type="sat">Sad</day>
						</dayWidth>
						<dayWidth type="wide">
							<day type="sun">De Sul</day>
							<day type="mon">De Lun</day>
							<day type="tue">De Merth</day>
							<day type="wed">De Merher</day>
							<day type="thu">De Yow</day>
							<day type="fri">De Gwener</day>
							<day type="sat">De Sadorn</day>
						</dayWidth>
					</dayContext>
				</days>
				<am>a.m.</am>
				<pm>p.m.</pm>
				<eras>
					<eraAbbr>
						<era type="0">RC</era>
						<era type="1">AD</era>
					</eraAbbr>
				</eras>
			</calendar>
		</calendars>
	</dates>
</ldml>
<!-- Old Comments. See root.xml for more info.
URL: http://oss.software.ibm.com/cvs/icu/icu/source/data/locales/kw.txt?only_with_tag=final-update-LDML

        "Latn",  // ISO 15924 Name 
NumberElements { 
"\u2030",
"\u221e",
"\ufffd",
}
Countries{}
Languages{}
localPatternChars{}
                "RC", // BC
                "AD"   // AD
-->

