<?xml version="1.0" encoding="UTF-8" ?>
<!DOCTYPE ldml SYSTEM "http://www.unicode.org/cldr/dtd/1.3/ldml.dtd">
<ldml>
	<identity>
		<version number="$Revision: 1.16 $"/>
		<generation date="$Date: 2005/04/02 23:43:14 $"/>
		<language type="ky"/>
	</identity>
	<localeDisplayNames>
		<languages>
			<language type="ky" draft="true">Кыргыз</language>
		</languages>
		<territories>
			<territory type="KG" draft="true">Кыргызстан</territory>
		</territories>
	</localeDisplayNames>
	<characters>
		<exemplarCharacters draft="true">[а-я і є ї ґ]</exemplarCharacters>
	</characters>
	<numbers>
		<symbols>
			<decimal draft="true">,</decimal>
			<group draft="true"> </group>
		</symbols>
		<currencies>
			<currency type="KGS">
				<symbol draft="true">сом</symbol>
			</currency>
		</currencies>
	</numbers>
</ldml>

