<?xml version="1.0" encoding="UTF-8" ?>
<!DOCTYPE ldml SYSTEM "http://www.unicode.org/cldr/dtd/1.3/ldml.dtd">
<ldml>
	<identity>
		<version number="$Revision: 1.24 $"/>
		<generation date="$Date: 2005/03/10 19:11:17 $"/>
		<language type="mk"/>
		<territory type="MK"/>
	</identity>
	<numbers>
		<decimalFormats>
			<decimalFormatLength>
				<decimalFormat>
					<pattern>#,##0.###;(#,##0.###)</pattern>
				</decimalFormat>
			</decimalFormatLength>
		</decimalFormats>
	</numbers>
</ldml>

