<?xml version="1.0" encoding="UTF-8" ?>
<!DOCTYPE ldml SYSTEM "http://www.unicode.org/cldr/dtd/1.3/ldml.dtd">
<ldml>
	<identity>
		<version number="$Revision: 1.14 $"/>
		<generation date="$Date: 2005/04/02 23:43:14 $"/>
		<language type="ml"/>
	</identity>
	<localeDisplayNames>
		<languages>
			<language type="ml" draft="true">മലയാളം</language>
		</languages>
		<territories>
			<territory type="IN" draft="true">ഇന്ത്യ</territory>
		</territories>
	</localeDisplayNames>
	<characters>
		<exemplarCharacters draft="true">[ംഃഅആഇഈഉഊഋഌഎഏഐഒഓഔകഖഗഘങചഛജഝഞടഠഡഢണതഥദധനപഫബഭമയരറലളഴവശഷസഹാിീുൂൃെേൈൊോൌ്ൗൠൡ]</exemplarCharacters>
	</characters>
	<dates>
		<calendars>
			<calendar type="gregorian">
				<months>
					<monthContext type="format">
						<monthWidth type="abbreviated">
							<month type="1" draft="true">ജനു</month>
							<month type="2" draft="true">ഫിബ്</month>
							<month type="3" draft="true">മാറ്അ</month>
							<month type="4" draft="true">ഏപ്റില്അ</month>
							<month type="5" draft="true">മെയ്</month>
							<month type="6" draft="true">ജൂണ്അ</month>
							<month type="7" draft="true">ജൂൈല</month>
							<month type="8" draft="true">ആഗ</month>
							<month type="9" draft="true">സെപ്തം</month>
							<month type="10" draft="true">ഒക്ട</month>
							<month type="11" draft="true">നവം</month>
							<month type="12" draft="true">ഡിസം</month>
						</monthWidth>
						<monthWidth type="wide">
							<month type="1" draft="true">ജനുവരി</month>
							<month type="2" draft="true">ഫിബ്റവരി</month>
							<month type="3" draft="true">മാറ്അച്അച്</month>
							<month type="4" draft="true">ഏപ്റില്അ</month>
							<month type="5" draft="true">മെയ്</month>
							<month type="6" draft="true">ജൂണ്അ</month>
							<month type="7" draft="true">ജൂൈല</month>
							<month type="8" draft="true">ആഗസ്ത്അ</month>
							<month type="9" draft="true">സെപ്തംബറ്അ</month>
							<month type="10" draft="true">ഒക്ടൈബറ്അ</month>
							<month type="11" draft="true">നവംബറ്അ</month>
							<month type="12" draft="true">ഡിസംബറ്അ</month>
						</monthWidth>
					</monthContext>
				</months>
				<days>
					<dayContext type="format">
						<dayWidth type="abbreviated">
							<day type="sun" draft="true">ഞാ</day>
							<day type="mon" draft="true">തി</day>
							<day type="tue" draft="true">ചൊ</day>
							<day type="wed" draft="true">ബു</day>
							<day type="thu" draft="true">വ്യ</day>
							<day type="fri" draft="true">വെ</day>
							<day type="sat" draft="true">ശ</day>
						</dayWidth>
						<dayWidth type="wide">
							<day type="sun" draft="true">ഞായറ്അ</day>
							<day type="mon" draft="true">തിങ്കള്അ</day>
							<day type="tue" draft="true">ചൊവ്വ</day>
							<day type="wed" draft="true">ബുനഭ്അ</day>
							<day type="thu" draft="true">വ്യാഴം</day>
							<day type="fri" draft="true">വെള്ളി</day>
							<day type="sat" draft="true">ശനി</day>
						</dayWidth>
					</dayContext>
				</days>
				<am draft="true">രാവിലെ</am>
				<pm draft="true">വൈകു</pm>
			</calendar>
		</calendars>
	</dates>
	<numbers>
		<symbols>
			<nativeZeroDigit draft="true">൦</nativeZeroDigit>
		</symbols>
	</numbers>
	<posix>
		<messages>
			<yesstr draft="true">അതെ</yesstr>
			<nostr draft="true">അല്ല</nostr>
			<yesexpr draft="true">^([yY]([eE][sS])?)|അതെ</yesexpr>
			<noexpr draft="true">^([nN][oO]?)|അല്ല</noexpr>
		</messages>
	</posix>
</ldml>
<!-- Care should be taken before using this data. It has some known translation issues, and it needs vetting.
[9/20/2004 George Rhoten]


Data comes from:
Dr. V. Saratchandran Nair
Principal
Southern Regional Language Centre
Manasagangotri
Mysore - 570 006
Email: snair <at> ciil. stpmy. soft. net
-->

