<?xml version="1.0" encoding="UTF-8" ?>
<!DOCTYPE ldml SYSTEM "http://www.unicode.org/cldr/dtd/1.3/ldml.dtd">
<ldml>
	<identity>
		<version number="$Revision: 1.18 $"/>
		<generation date="$Date: 2005/05/19 20:41:04 $"/>
		<language type="mn"/>
	</identity>
	<localeDisplayNames>
		<languages>
			<language type="mn" draft="true">Монгол хэл</language>
		</languages>
		<territories>
			<territory type="MN" draft="true">Монгол улс</territory>
		</territories>
	</localeDisplayNames>
	<characters>
		<exemplarCharacters draft="true">[а-яієїґү]</exemplarCharacters>
	</characters>
	<delimiters>
		<quotationStart draft="true">‘</quotationStart>
		<quotationEnd draft="true">’</quotationEnd>
		<alternateQuotationStart draft="true">“</alternateQuotationStart>
		<alternateQuotationEnd draft="true">”</alternateQuotationEnd>
	</delimiters>
	<dates>
		<calendars>
			<calendar type="gregorian">
				<months>
					<monthContext type="format">
						<monthWidth type="abbreviated">
							<month type="1" draft="true">хул</month>
							<month type="2" draft="true">үхэ</month>
							<month type="3" draft="true">бар</month>
							<month type="4" draft="true">туу</month>
							<month type="5" draft="true">луу</month>
							<month type="6" draft="true">мог</month>
							<month type="7" draft="true">мор</month>
							<month type="8" draft="true">хон</month>
							<month type="9" draft="true">бич</month>
							<month type="10" draft="true">тах</month>
							<month type="11" draft="true">нох</month>
							<month type="12" draft="true">гах</month>
						</monthWidth>
						<monthWidth type="wide">
							<month type="1" draft="true">Хулгана</month>
							<month type="2" draft="true">Үхэр</month>
							<month type="3" draft="true">Бар</month>
							<month type="4" draft="true">Туулай</month>
							<month type="5" draft="true">Луу</month>
							<month type="6" draft="true">Могой</month>
							<month type="7" draft="true">Морь</month>
							<month type="8" draft="true">Хонь</month>
							<month type="9" draft="true">Бич</month>
							<month type="10" draft="true">Тахиа</month>
							<month type="11" draft="true">Нохой</month>
							<month type="12" draft="true">Гахай</month>
						</monthWidth>
					</monthContext>
				</months>
				<days>
					<dayContext type="format">
						<dayWidth type="abbreviated">
							<day type="sun" draft="true">Ня</day>
							<day type="mon" draft="true">Да</day>
							<day type="tue" draft="true">Мя</day>
							<day type="wed" draft="true">Лх</day>
							<day type="thu" draft="true">Пү</day>
							<day type="fri" draft="true">Ба</day>
							<day type="sat" draft="true">Бя</day>
						</dayWidth>
						<dayWidth type="wide">
							<day type="sun" draft="true">ням</day>
							<day type="mon" draft="true">даваа</day>
							<day type="tue" draft="true">мягмар</day>
							<day type="wed" draft="true">лхагва</day>
							<day type="thu" draft="true">пүрэв</day>
							<day type="fri" draft="true">баасан</day>
							<day type="sat" draft="true">бямба</day>
						</dayWidth>
					</dayContext>
				</days>
				<eras>
					<eraNames>
						<era type="0" draft="true">манай эриний өмнөх</era>
						<era type="1" draft="true">манай эриний</era>
					</eraNames>
					<eraAbbr>
						<era type="0" draft="true">м.э.ө</era>
						<era type="1" draft="true">м.э.</era>
					</eraAbbr>
				</eras>
			</calendar>
		</calendars>
	</dates>
	<numbers>
		<symbols>
			<decimal draft="true">,</decimal>
			<group draft="true"> </group>
		</symbols>
		<currencies>
			<currency type="MNT">
				<symbol draft="true">₮</symbol>
			</currency>
		</currencies>
	</numbers>
</ldml>

