<?xml version="1.0" encoding="UTF-8" ?>
<!DOCTYPE ldml SYSTEM "http://www.unicode.org/cldr/dtd/1.3/ldml.dtd">
<ldml>
	<identity>
		<version number="$Revision: 1.26 $"/>
		<generation date="$Date: 2005/05/19 20:41:04 $"/>
		<language type="pa"/>
	</identity>
	<localeDisplayNames>
		<languages>
			<language type="pa">ਪੰਜਾਬੀ</language>
		</languages>
		<territories>
			<territory type="IN">ਭਾਰਤ</territory>
		</territories>
	</localeDisplayNames>
	<characters>
		<exemplarCharacters>[ਁ-ਃਅ-ਊਏਐਓ-ਨਪ-ਰਲਲ਼ਵਸ਼ਸਹ਼ਾ-ੂੇੈੋ-੍ਖ਼-ੜਫ਼੦-ੴ‌‍]</exemplarCharacters>
		<exemplarCharacters alt="proposed" draft="true">[ਂ-ਃਅ-ਊਏ-ਐਓ-ਨਪ-ਰਲ-ਲ਼ਵ-ਸ਼ਸ-ਹ਼ਾ-ੂੇ-ੈੋ-੍ਖ਼-ੜਫ਼ੰ-ੴ]</exemplarCharacters>
	</characters>
	<dates>
		<calendars>
			<calendar type="gregorian">
				<months>
					<monthContext type="format">
						<monthWidth type="abbreviated">
							<month type="1">ਜਨਵਰੀ</month>
							<month type="2">ਫ਼ਰਵਰੀ</month>
							<month type="3">ਮਾਰਚ</month>
							<month type="4">ਅਪ੍ਰੈਲ</month>
							<month type="5">ਮਈ</month>
							<month type="6">ਜੂਨ</month>
							<month type="7">ਜੁਲਾਈ</month>
							<month type="8">ਅਗਸਤ</month>
							<month type="9">ਸਤੰਬਰ</month>
							<month type="10">ਅਕਤੂਬਰ</month>
							<month type="11">ਨਵੰਬਰ</month>
							<month type="12">ਦਸੰਬਰ</month>
						</monthWidth>
						<monthWidth type="wide">
							<month type="1">ਜਨਵਰੀ</month>
							<month type="2">ਫ਼ਰਵਰੀ</month>
							<month type="3">ਮਾਰਚ</month>
							<month type="4">ਅਪ੍ਰੈਲ</month>
							<month type="5">ਮਈ</month>
							<month type="6">ਜੂਨ</month>
							<month type="7">ਜੁਲਾਈ</month>
							<month type="8">ਅਗਸਤ</month>
							<month type="9">ਸਤੰਬਰ</month>
							<month type="10">ਅਕਤੂਬਰ</month>
							<month type="11">ਨਵੰਬਰ</month>
							<month type="12">ਦਸੰਬਰ</month>
						</monthWidth>
					</monthContext>
				</months>
				<days>
					<dayContext type="format">
						<dayWidth type="abbreviated">
							<day type="sun">ਐਤ.</day>
							<day type="mon">ਸੋਮ.</day>
							<day type="tue">ਮੰਗਲ.</day>
							<day type="wed">ਬੁਧ.</day>
							<day type="thu">ਵੀਰ.</day>
							<day type="fri">ਸ਼ੁਕਰ.</day>
							<day type="sat">ਸ਼ਨੀ.</day>
						</dayWidth>
						<dayWidth type="wide">
							<day type="sun">ਐਤਵਾਰ</day>
							<day type="mon">ਸੋਮਵਾਰ</day>
							<day type="tue">ਮੰਗਲਵਾਰ</day>
							<day type="wed">ਬੁਧਵਾਰ</day>
							<day type="thu">ਵੀਰਵਾਰ</day>
							<day type="fri">ਸ਼ੁੱਕਰਵਾਰ</day>
							<day type="sat">ਸ਼ਨੀਚਰਵਾਰ</day>
						</dayWidth>
					</dayContext>
				</days>
				<am>ਸਵੇਰੇ</am>
				<pm>ਸ਼ਾਮ</pm>
				<eras>
					<!-- These era names look like abbreviations and not full names. -->
					<eraNames>
						<era type="0" draft="true">ਈਸਾਪੂਰ੍ਵ.</era>
						<era type="1" draft="true">ਸਨ.</era>
					</eraNames>
				</eras>
			</calendar>
		</calendars>
	</dates>
	<numbers>
		<symbols>
			<nativeZeroDigit>੦</nativeZeroDigit>
		</symbols>
		<decimalFormats>
			<decimalFormatLength>
				<decimalFormat>
					<pattern>#,##,##0.###</pattern>
				</decimalFormat>
			</decimalFormatLength>
		</decimalFormats>
		<percentFormats>
			<percentFormatLength>
				<percentFormat>
					<pattern>#,##,##0%</pattern>
				</percentFormat>
			</percentFormatLength>
		</percentFormats>
		<currencyFormats>
			<currencyFormatLength>
				<currencyFormat>
					<pattern>¤ #,##,##0.00</pattern>
				</currencyFormat>
			</currencyFormatLength>
		</currencyFormats>
		<currencies>
			<currency type="INR">
				<displayName>ਰੁਪਿਯ</displayName>
				<symbol>ਰੁ.</symbol>
			</currency>
		</currencies>
	</numbers>
	<posix>
		<messages>
			<yesstr draft="true">ਹਾਂ</yesstr>
			<nostr draft="true">ਨਹੀਂ</nostr>
			<yesexpr draft="true">^([yY]([eE][sS])?)|ਹਾਂ</yesexpr>
			<noexpr draft="true">^([nN][oO]?)|ਨਹੀਂ</noexpr>
		</messages>
	</posix>
</ldml>

