<?xml version="1.0" encoding="UTF-8" ?>
<!DOCTYPE ldml SYSTEM "http://www.unicode.org/cldr/dtd/1.3/ldml.dtd">
<ldml>
	<identity>
		<version number="$Revision: 1.27 $"/>
		<generation date="$Date: 2005/03/17 02:17:58 $"/>
		<language type="ps"/>
		<territory type="AF"/>
	</identity>
	<dates>
		<calendars>
			<calendar type="gregorian">
				<week>
					<firstDay day="sat"/>
				</week>
			</calendar>
		</calendars>
	</dates>
	<numbers>
		<symbols>
			<decimal>٫</decimal>
			<group>٬</group>
			<percentSign>٪</percentSign>
			<nativeZeroDigit>۰</nativeZeroDigit>
			<minusSign>−</minusSign>
			<exponential>×۱۰^</exponential>
		</symbols>
		<currencyFormats>
			<currencyFormatLength>
				<currencyFormat>
					<pattern>#,##0.00 ¤</pattern>
				</currencyFormat>
			</currencyFormatLength>
		</currencyFormats>
	</numbers>
</ldml>
<!-- Old Comments. See root.xml for more info.
URL: http://oss.software.ibm.com/cvs/icu/icu/source/data/locales/ps_AF.txt?only_with_tag=final-update-LDML

Created by Roozbeh Pournader <roozbeh@sharif.edu> and Michael Everson <everson@evertype.com>
                7,      // Saturday
        "#,##0%", // The percent sign appears on the right side.
Acad says it should appear on the left (like fa_IR).
-->

