<?xml version="1.0" encoding="UTF-8" ?>
<!DOCTYPE ldml SYSTEM "http://www.unicode.org/cldr/dtd/1.3/ldml.dtd">
<ldml>
	<identity>
		<version number="$Revision: 1.18 $"/>
		<generation date="$Date: 2005/04/13 01:00:20 $"/>
		<language type="sa"/>
	</identity>
	<localeDisplayNames>
		<languages>
			<language type="sa" draft="true">संस्कृत</language>
		</languages>
		<territories>
			<territory type="IN" draft="true">भारतम्</territory>
		</territories>
	</localeDisplayNames>
	<characters>
		<exemplarCharacters draft="true">[ँ-ह़-्ॐ-॔ॠ-ॣ०-९ॽ‌‍]</exemplarCharacters>
	</characters>
	<numbers>
		<symbols>
			<nativeZeroDigit draft="true">०</nativeZeroDigit>
		</symbols>
		<decimalFormats>
			<decimalFormatLength>
				<decimalFormat>
					<pattern draft="true">#,##,##0.###</pattern>
				</decimalFormat>
			</decimalFormatLength>
		</decimalFormats>
		<percentFormats>
			<percentFormatLength>
				<percentFormat>
					<pattern draft="true">#,##,##0%</pattern>
				</percentFormat>
			</percentFormatLength>
		</percentFormats>
		<currencyFormats>
			<currencyFormatLength>
				<currencyFormat>
					<pattern draft="true">¤ #,##,##0.00</pattern>
				</currencyFormat>
			</currencyFormatLength>
		</currencyFormats>
		<currencies>
			<currency type="INR">
				<symbol draft="true">रु</symbol>
			</currency>
		</currencies>
	</numbers>
</ldml>

