<?xml version="1.0" encoding="UTF-8" ?>
<!DOCTYPE ldml SYSTEM "http://www.unicode.org/cldr/dtd/1.3/ldml.dtd">
<ldml>
	<identity>
		<version number="$Revision: 1.19 $"/>
		<generation date="$Date: 2005/05/24 23:22:04 $"/>
		<language type="sid"/>
	</identity>
	<localeDisplayNames>
		<languages>
			<language type="ar" draft="true">Arabic</language>
			<language type="de" draft="true">German</language>
			<language type="en" draft="true">English</language>
			<language type="es" draft="true">Spanish</language>
			<language type="fr" draft="true">French</language>
			<language type="hi" draft="true">Hindi</language>
			<language type="it" draft="true">Italian</language>
			<language type="ja" draft="true">Japanese</language>
			<language type="pt" draft="true">Portuguese</language>
			<language type="ru" draft="true">Russian</language>
			<language type="sid" draft="true">Sidaamu Afo</language>
			<language type="zh" draft="true">Chinese</language>
		</languages>
		<scripts>
			<script type="Latn" draft="true">Latin</script>
		</scripts>
		<territories>
			<territory type="BR" draft="true">Brazil</territory>
			<territory type="CN" draft="true">China</territory>
			<territory type="DE" draft="true">Germany</territory>
			<territory type="ET" draft="true">Itiyoophiya</territory>
			<territory type="FR" draft="true">France</territory>
			<territory type="GB" draft="true">United Kingdom</territory>
			<territory type="IN" draft="true">India</territory>
			<territory type="IT" draft="true">Italy</territory>
			<territory type="JP" draft="true">Japan</territory>
			<territory type="RU" draft="true">Russia</territory>
			<territory type="US" draft="true">United States</territory>
		</territories>
	</localeDisplayNames>
	<characters>
		<exemplarCharacters draft="true">[a-z]</exemplarCharacters>
	</characters>
	<dates>
		<calendars>
			<calendar type="gregorian">
				<months>
					<monthContext type="format">
						<monthWidth type="abbreviated">
							<month type="1" draft="true">Jan</month>
							<month type="2" draft="true">Feb</month>
							<month type="3" draft="true">Mar</month>
							<month type="4" draft="true">Apr</month>
							<month type="5" draft="true">May</month>
							<month type="6" draft="true">Jun</month>
							<month type="7" draft="true">Jul</month>
							<month type="8" draft="true">Aug</month>
							<month type="9" draft="true">Sep</month>
							<month type="10" draft="true">Oct</month>
							<month type="11" draft="true">Nov</month>
							<month type="12" draft="true">Dec</month>
						</monthWidth>
						<monthWidth type="wide">
							<month type="1" draft="true">January</month>
							<month type="2" draft="true">February</month>
							<month type="3" draft="true">March</month>
							<month type="4" draft="true">April</month>
							<month type="5" draft="true">May</month>
							<month type="6" draft="true">June</month>
							<month type="7" draft="true">July</month>
							<month type="8" draft="true">August</month>
							<month type="9" draft="true">September</month>
							<month type="10" draft="true">October</month>
							<month type="11" draft="true">November</month>
							<month type="12" draft="true">December</month>
						</monthWidth>
					</monthContext>
					<monthContext type="stand-alone">
						<monthWidth type="narrow">
							<month type="1" draft="true">J</month>
							<month type="2" draft="true">F</month>
							<month type="3" draft="true">M</month>
							<month type="4" draft="true">A</month>
							<month type="5" draft="true">M</month>
							<month type="6" draft="true">J</month>
							<month type="7" draft="true">J</month>
							<month type="8" draft="true">A</month>
							<month type="9" draft="true">S</month>
							<month type="10" draft="true">O</month>
							<month type="11" draft="true">N</month>
							<month type="12" draft="true">D</month>
						</monthWidth>
					</monthContext>
				</months>
				<days>
					<dayContext type="format">
						<dayWidth type="abbreviated">
							<day type="sun" draft="true">Sam</day>
							<day type="mon" draft="true">San</day>
							<day type="tue" draft="true">Mak</day>
							<day type="wed" draft="true">Row</day>
							<day type="thu" draft="true">Ham</day>
							<day type="fri" draft="true">Arb</day>
							<day type="sat" draft="true">Qid</day>
						</dayWidth>
						<dayWidth type="wide">
							<day type="sun" draft="true">Sambata</day>
							<day type="mon" draft="true">Sanyo</day>
							<day type="tue" draft="true">Maakisanyo</day>
							<day type="wed" draft="true">Roowe</day>
							<day type="thu" draft="true">Hamuse</day>
							<day type="fri" draft="true">Arbe</day>
							<day type="sat" draft="true">Qidaame</day>
						</dayWidth>
					</dayContext>
					<dayContext type="stand-alone">
						<dayWidth type="narrow">
							<day type="sun" draft="true">S</day>
							<day type="mon" draft="true">S</day>
							<day type="tue" draft="true">M</day>
							<day type="wed" draft="true">R</day>
							<day type="thu" draft="true">H</day>
							<day type="fri" draft="true">A</day>
							<day type="sat" draft="true">Q</day>
						</dayWidth>
					</dayContext>
				</days>
				<week>
					<firstDay day="sat" draft="true"/>
				</week>
				<am draft="true">soodo</am>
				<pm draft="true">hawwaro</pm>
				<eras>
					<eraAbbr>
						<era type="0" draft="true">YIA</era>
						<era type="1" draft="true">YIG</era>
					</eraAbbr>
				</eras>
				<dateFormats>
					<dateFormatLength type="full">
						<dateFormat>
							<pattern draft="true">EEEE, MMMM dd, yyyy</pattern>
						</dateFormat>
					</dateFormatLength>
					<dateFormatLength type="long">
						<dateFormat>
							<pattern draft="true">dd MMMM yyyy</pattern>
						</dateFormat>
					</dateFormatLength>
					<dateFormatLength type="medium">
						<dateFormat>
							<pattern draft="true">dd-MMM-yyyy</pattern>
						</dateFormat>
					</dateFormatLength>
					<dateFormatLength type="short">
						<dateFormat>
							<pattern draft="true">dd/MM/yy</pattern>
						</dateFormat>
					</dateFormatLength>
				</dateFormats>
				<timeFormats>
					<timeFormatLength type="full">
						<timeFormat>
							<pattern draft="true">h:mm:ss a</pattern>
						</timeFormat>
					</timeFormatLength>
					<timeFormatLength type="long">
						<timeFormat>
							<pattern draft="true">h:mm:ss a</pattern>
						</timeFormat>
					</timeFormatLength>
					<timeFormatLength type="medium">
						<timeFormat>
							<pattern draft="true">h:mm:ss a</pattern>
						</timeFormat>
					</timeFormatLength>
					<timeFormatLength type="short">
						<timeFormat>
							<pattern draft="true">h:mm a</pattern>
						</timeFormat>
					</timeFormatLength>
				</timeFormats>
			</calendar>
		</calendars>
	</dates>
	<numbers>
		<currencies>
			<currency type="BRL">
				<displayName draft="true">Brazilian Real</displayName>
			</currency>
			<currency type="CNY">
				<displayName draft="true">Chinese Yuan Renminbi</displayName>
			</currency>
			<currency type="ETB">
				<symbol draft="true">$</symbol>
			</currency>
			<currency type="EUR">
				<displayName draft="true">Euro</displayName>
			</currency>
			<currency type="GBP">
				<displayName draft="true">British Pound Sterling</displayName>
			</currency>
			<currency type="INR">
				<displayName draft="true">Indian Rupee</displayName>
			</currency>
			<currency type="JPY">
				<displayName draft="true">Japanese Yen</displayName>
			</currency>
			<currency type="RUB">
				<displayName draft="true">Russian Ruble</displayName>
			</currency>
			<currency type="USD">
				<displayName draft="true">US Dollar</displayName>
				<symbol draft="true">US$</symbol>
			</currency>
		</currencies>
	</numbers>
</ldml>

