<?xml version="1.0" encoding="UTF-8" ?>
<!DOCTYPE ldml SYSTEM "http://www.unicode.org/cldr/dtd/1.3/ldml.dtd">
<ldml>
	<identity>
		<version number="$Revision: 1.29 $"/>
		<generation date="$Date: 2005/03/11 19:50:34 $"/>
		<language type="so"/>
		<territory type="ET"/>
	</identity>
	<numbers>
		<currencyFormats>
			<currencyFormatLength>
				<currencyFormat>
					<pattern>¤#,##0.00</pattern>
				</currencyFormat>
			</currencyFormatLength>
		</currencyFormats>
		<currencies>
			<currency type="ETB">
				<symbol>$</symbol>
			</currency>
			<currency type="USD">
				<symbol>US$</symbol>
			</currency>
		</currencies>
	</numbers>
</ldml>
<!-- Old Comments. See root.xml for more info.
URL: http://oss.software.ibm.com/cvs/icu/icu/source/data/locales/so_ET.txt?only_with_tag=final-update-LDML

* Somali language locale for Ethiopia.
* Contributed by :
*    Daniel Yacob <yacob@geez.org>, Ge'ez Frontier Foundation
*    Mohamed Diriye Abdullahi <diriyeam@magellan.umontreal.ca>
*    Department of Linguistics and Translation, Universite de Montreal, Montreal
Measurement { "Metric" }
"\u2030",
"\u221E",
"\uFFFD",
}
PaperSize {
Height { "297" }
Width { "210" }
Units { "mm" }
}
Currency display names
-->

