<?xml version="1.0" encoding="UTF-8" ?>
<!DOCTYPE ldml SYSTEM "http://www.unicode.org/cldr/dtd/1.3/ldml.dtd">
<ldml>
	<identity>
		<version number="$Revision: 1.13 $"/>
		<generation date="$Date: 2005/05/19 20:41:02 $"/>
		<language type="sr"/>
		<script type="Cyrl"/>
		<territory type="CS"/>
	</identity>
	<delimiters>
		<quotationStart draft="true">‘</quotationStart>
		<quotationEnd draft="true">’</quotationEnd>
		<alternateQuotationStart draft="true">“</alternateQuotationStart>
		<alternateQuotationEnd draft="true">”</alternateQuotationEnd>
	</delimiters>
</ldml>

