<?xml version="1.0" encoding="UTF-8" ?>
<!DOCTYPE ldml SYSTEM "http://www.unicode.org/cldr/dtd/1.3/ldml.dtd">
<ldml>
	<identity>
		<version number="$Revision: 1.11 $"/>
		<generation date="$Date: 2005/05/24 21:21:38 $"/>
		<language type="sr"/>
		<script type="Cyrl"/>
	</identity>
	<dates>
		<calendars>
			<calendar type="gregorian">
				<eras>
					<eraNames>
						<era type="0" draft="true">Пре Христа</era>
						<era type="1" draft="true">После Христа</era>
					</eraNames>
				</eras>
			</calendar>
		</calendars>
	</dates>
	<numbers>
		<currencies>
			<currency type="BRL">
				<symbol>R$</symbol>
			</currency>
			<currency type="CNY">
				<symbol>Y</symbol>
			</currency>
			<currency type="CSD">
				<symbol>CSD</symbol>
			</currency>
		</currencies>
	</numbers>
</ldml>

