<?xml version="1.0" encoding="UTF-8" ?>
<!DOCTYPE ldml SYSTEM "http://www.unicode.org/cldr/dtd/1.3/ldml.dtd">
<ldml>
	<identity>
		<version number="$Revision: 1.31 $"/>
		<generation date="$Date: 2005/05/24 21:21:38 $"/>
		<language type="sv"/>
		<territory type="SE"/>
	</identity>
	<delimiters>
		<quotationStart>’</quotationStart>
		<quotationEnd>’</quotationEnd>
		<alternateQuotationStart>”</alternateQuotationStart>
		<alternateQuotationEnd>”</alternateQuotationEnd>
	</delimiters>
	<numbers>
		<percentFormats>
			<percentFormatLength>
				<percentFormat>
					<pattern references="R3">#,##0 %</pattern>
				</percentFormat>
			</percentFormatLength>
		</percentFormats>
		<currencyFormats>
			<currencyFormatLength>
				<currencyFormat>
					<pattern>#,##0.00 ¤</pattern>
				</currencyFormat>
			</currencyFormatLength>
		</currencyFormats>
	</numbers>
</ldml>

