<?xml version="1.0" encoding="UTF-8" ?>
<!DOCTYPE ldml SYSTEM "http://www.unicode.org/cldr/dtd/1.3/ldml.dtd">
<ldml>
	<identity>
		<version number="$Revision: 1.16 $"/>
		<generation date="$Date: 2005/04/13 01:00:20 $"/>
		<language type="syr"/>
	</identity>
	<localeDisplayNames>
		<languages>
			<language type="syr" draft="true">ܣܘܪܝܝܐ</language>
		</languages>
		<territories>
			<territory type="SY" draft="true">ܣܘܪܝܝܐ</territory>
		</territories>
	</localeDisplayNames>
	<characters>
		<exemplarCharacters draft="true">[܀-܍܏-݊ݍ-ݏ‌‍]</exemplarCharacters>
	</characters>
	<dates>
		<calendars>
			<calendar type="gregorian">
				<months>
					<monthContext type="format">
						<monthWidth type="abbreviated">
							<month type="1" draft="true">܏ܟܢ ܏ܒ</month>
							<month type="2" draft="true">ܫܒܛ</month>
							<month type="3" draft="true">ܐܕܪ</month>
							<month type="4" draft="true">ܢܝܣܢ</month>
							<month type="5" draft="true">ܐܝܪ</month>
							<month type="6" draft="true">ܚܙܝܪܢ</month>
							<month type="7" draft="true">ܬܡܘܙ</month>
							<month type="8" draft="true">ܐܒ</month>
							<month type="9" draft="true">ܐܝܠܘܠ</month>
							<month type="10" draft="true">܏ܬܫ ܏ܐ</month>
							<month type="11" draft="true">܏ܬܫ ܏ܒ</month>
							<month type="12" draft="true">܏ܟܢ ܏ܐ</month>
						</monthWidth>
					</monthContext>
				</months>
			</calendar>
		</calendars>
	</dates>
	<numbers>
		<currencies>
			<currency type="SYP">
				<symbol draft="true">ل.س.‏</symbol>
			</currency>
		</currencies>
	</numbers>
</ldml>

