<?xml version="1.0" encoding="UTF-8" ?>
<!DOCTYPE ldml SYSTEM "http://www.unicode.org/cldr/dtd/1.3/ldml.dtd">
<ldml>
	<identity>
		<version number="$Revision: 1.17 $"/>
		<generation date="$Date: 2005/04/02 23:43:15 $"/>
		<language type="syr"/>
		<territory type="SY"/>
	</identity>
	<dates>
		<calendars>
			<calendar type="gregorian">
				<week>
					<firstDay day="thu" draft="true"/>
				</week>
				<dateFormats>
					<dateFormatLength type="full">
						<dateFormat>
							<pattern draft="true">dd MMMM, yyyy</pattern>
						</dateFormat>
					</dateFormatLength>
					<dateFormatLength type="long">
						<dateFormat>
							<pattern draft="true">dd MMMM, yyyy</pattern>
						</dateFormat>
					</dateFormatLength>
					<dateFormatLength type="medium">
						<dateFormat>
							<pattern draft="true">dd/MM/yyyy</pattern>
						</dateFormat>
					</dateFormatLength>
					<dateFormatLength type="short">
						<dateFormat>
							<pattern draft="true">dd/MM/yyyy</pattern>
						</dateFormat>
					</dateFormatLength>
				</dateFormats>
				<timeFormats>
					<timeFormatLength type="full">
						<timeFormat>
							<pattern draft="true">h:mm:ss a</pattern>
						</timeFormat>
					</timeFormatLength>
					<timeFormatLength type="long">
						<timeFormat>
							<pattern draft="true">h:mm:ss a</pattern>
						</timeFormat>
					</timeFormatLength>
					<timeFormatLength type="medium">
						<timeFormat>
							<pattern draft="true">h:mm:ss</pattern>
						</timeFormat>
					</timeFormatLength>
					<timeFormatLength type="short">
						<timeFormat>
							<pattern draft="true">h:mm</pattern>
						</timeFormat>
					</timeFormatLength>
				</timeFormats>
			</calendar>
		</calendars>
	</dates>
	<numbers>
		<decimalFormats>
			<decimalFormatLength>
				<decimalFormat>
					<pattern draft="true">#,##0.###;#,##0.###-</pattern>
				</decimalFormat>
			</decimalFormatLength>
		</decimalFormats>
		<currencyFormats>
			<currencyFormatLength>
				<currencyFormat>
					<pattern draft="true">¤ #,##0.00;¤ #,##0.00-</pattern>
				</currencyFormat>
			</currencyFormatLength>
		</currencyFormats>
	</numbers>
</ldml>

