<?xml version="1.0" encoding="UTF-8" ?>
<!DOCTYPE ldml SYSTEM "http://www.unicode.org/cldr/dtd/1.3/ldml.dtd">
<ldml>
	<identity>
		<version number="$Revision: 1.37 $"/>
		<generation date="$Date: 2005/05/19 16:53:06 $"/>
		<language type="te"/>
	</identity>
	<localeDisplayNames>
		<languages>
			<language type="ar" draft="true">అరబిక్</language>
			<language type="de" draft="true">ఙర్మన్</language>
			<language type="en" draft="true">ఆంగ్లం</language>
			<language type="es" draft="true">స్పానిష్</language>
			<language type="fr" draft="true">ఫ్రెంచ్</language>
			<language type="hi" draft="true">హిందీ</language>
			<language type="it" draft="true">ఇటాలియన్ భాష</language>
			<language type="ja" draft="true">జపాను భాష</language>
			<language type="pt" draft="true">పొర్చుగల్ భాష</language>
			<language type="ru" draft="true">రష్యన్ భాష</language>
			<language type="te">తెలుగు</language>
			<language type="zh" draft="true">చైనా భాష</language>
		</languages>
		<scripts>
			<script type="Latn" draft="true">లాటిన్</script>
			<script type="Telu" draft="true">తెలుగు</script>
		</scripts>
		<territories>
			<territory type="BR" draft="true">బ్రజిల్</territory>
			<territory type="CN" draft="true">చైనా</territory>
			<territory type="DE" draft="true">ఙర్మని</territory>
			<territory type="FR" draft="true">ఫ్రాన్స్‌</territory>
			<territory type="GB" draft="true">బ్రిటన్</territory>
			<territory type="IN">భారత దేళ౦</territory>
			<territory type="IN" alt="proposed" draft="true">భారత దేళం</territory>
			<territory type="IT" draft="true">ఇటలి</territory>
			<territory type="JP" draft="true">జపాసు</territory>
			<territory type="RU" draft="true">రష్య</territory>
			<territory type="US" draft="true">ఐక్య రాష్ట్ర అమెరిక</territory>
		</territories>
	</localeDisplayNames>
	<characters>
		<exemplarCharacters>[ఁ-ఃఅ-ఌఎ-ఐఒ-నప-ళవ-హా-ౄె-ైొ-్ౕౖౠౡ౦-౯‌‍]</exemplarCharacters>
	</characters>
	<dates>
		<calendars>
			<calendar type="gregorian">
				<months>
					<monthContext type="format">
						<monthWidth type="abbreviated">
							<month type="1">జనవరి</month>
							<month type="2">ఫిబ్రవరి</month>
							<month type="3">మార్చి</month>
							<month type="4">ఏప్రిల్</month>
							<month type="5">మే</month>
							<month type="6">జూన్</month>
							<month type="7">జూలై</month>
							<month type="8">ఆగస్టు</month>
							<month type="9">సెప్టెంబర్</month>
							<month type="10">అక్టోబర్</month>
							<month type="11">నవంబర్</month>
							<month type="12">డిసెంబర్</month>
						</monthWidth>
						<monthWidth type="wide">
							<month type="1">జనవరి</month>
							<month type="2">ఫిబ్రవరి</month>
							<month type="3">మార్చి</month>
							<month type="4">ఏప్రిల్</month>
							<month type="5">మే</month>
							<month type="6">జూన్</month>
							<month type="7">జూలై</month>
							<month type="8">ఆగస్టు</month>
							<month type="9">సెప్టెంబర్</month>
							<month type="10">అక్టోబర్</month>
							<month type="11">నవంబర్</month>
							<month type="12">డిసెంబర్</month>
						</monthWidth>
					</monthContext>
					<monthContext type="stand-alone">
						<monthWidth type="narrow">
							<month type="1" draft="true">జ</month>
							<month type="2" draft="true">ఫి</month>
							<month type="3" draft="true">మ</month>
							<month type="4" draft="true">ఎ</month>
							<month type="5" draft="true">మె</month>
							<month type="6" draft="true">జు</month>
							<month type="7" draft="true">జు</month>
							<month type="8" draft="true">ఆ</month>
							<month type="9" draft="true">సె</month>
							<month type="10" draft="true">అ</month>
							<month type="11" draft="true">న</month>
							<month type="12" draft="true">డి</month>
						</monthWidth>
					</monthContext>
				</months>
				<days>
					<dayContext type="format">
						<dayWidth type="abbreviated">
							<day type="sun">ఆది</day>
							<day type="mon">సోమ</day>
							<day type="tue">మంగళ</day>
							<day type="wed">బుధ</day>
							<day type="thu">గురు</day>
							<day type="fri">శుక్ర</day>
							<day type="sat">శని</day>
						</dayWidth>
						<dayWidth type="wide">
							<day type="sun">ఆదివారం</day>
							<day type="mon">సోమవారం</day>
							<day type="tue">మంగళవారం</day>
							<day type="wed">బుధవారం</day>
							<day type="thu">గురువారం</day>
							<day type="fri">శుక్రవారం</day>
							<day type="sat">శనివారం</day>
						</dayWidth>
					</dayContext>
					<dayContext type="stand-alone">
						<dayWidth type="narrow">
							<day type="sun" draft="true">ఆ</day>
							<day type="tue" draft="true">సొ</day>
							<day type="wed" draft="true">భు</day>
							<day type="thu" draft="true">గు</day>
							<day type="fri" draft="true">శు</day>
							<day type="sat" draft="true">శ</day>
						</dayWidth>
					</dayContext>
				</days>
				<am>పూర్వాహ్న</am>
				<am alt="proposed" draft="true">పూర్వాహ్నం</am>
				<pm>అపరాహ్న</pm>
				<pm alt="proposed" draft="true">అపరాహ్నం</pm>
				<eras>
					<!-- Warning: These look like abbreviations and not full names. -->
					<eraNames>
						<era type="0" draft="true">ఈసాపూర్వ.</era>
						<era type="1" draft="true">సన్.</era>
					</eraNames>
				</eras>
			</calendar>
		</calendars>
	</dates>
	<numbers>
		<symbols>
			<nativeZeroDigit>౦</nativeZeroDigit>
		</symbols>
		<currencies>
			<currency type="BRL">
				<displayName draft="true">బ్రజిల్ దేశ రియాల్</displayName>
				<symbol draft="true">రి$</symbol>
			</currency>
			<currency type="CNY">
				<displayName draft="true">చైనా  దేశ యువాన్ రెన్‌మిన్‌బి</displayName>
				<symbol draft="true">యు</symbol>
			</currency>
			<currency type="EUR">
				<displayName draft="true">యురొ</displayName>
			</currency>
			<currency type="GBP">
				<displayName draft="true">బ్ిటిష్ పౌన్డ స్టెర్లిగ్</displayName>
			</currency>
			<currency type="INR">
				<displayName draft="true">రూపాయి</displayName>
				<symbol>రూ.</symbol>
			</currency>
			<currency type="JPY">
				<displayName draft="true">జపాను దేశ యెస్</displayName>
			</currency>
			<currency type="RUB">
				<displayName draft="true">రష్య దేశ రూబల్</displayName>
				<symbol draft="true">రూబల్</symbol>
			</currency>
			<currency type="USD">
				<displayName draft="true">ఐక్య రాష్ట్ర అమెరిక డాలర్</displayName>
			</currency>
		</currencies>
	</numbers>
	<posix>
		<messages>
			<yesstr draft="true">అవను</yesstr>
			<nostr draft="true">కాదు</nostr>
			<yesexpr draft="true">^([yY]([eE][sS])?)|అవను</yesexpr>
			<noexpr draft="true">^([nN][oO]?)|కాదు</noexpr>
		</messages>
	</posix>
</ldml>
<!-- Old Comments. See root.xml for more info.
Telugu Locale. Data by Ram [ram <at> jtcsv.com]
-->

