<?xml version="1.0" encoding="UTF-8" ?>
<!DOCTYPE ldml SYSTEM "http://www.unicode.org/cldr/dtd/1.3/ldml.dtd">
<ldml>
	<identity>
		<version number="$Revision: 1.28 $"/>
		<generation date="$Date: 2005/04/21 06:35:49 $"/>
		<language type="tig"/>
	</identity>
	<localeDisplayNames>
		<languages>
			<language type="aa" draft="true">አፋርኛ</language>
			<language type="ab" draft="true">አብሐዚኛ</language>
			<language type="af" draft="true">አፍሪቃንስኛ</language>
			<language type="am" draft="true">አምሐረኛ</language>
			<language type="ar" draft="true">ዐርቢኛ</language>
			<language type="as" draft="true">አሳሜዛዊ</language>
			<language type="ay" draft="true">አያማርኛ</language>
			<language type="az" draft="true">አዜርባይጃንኛ</language>
			<language type="ba" draft="true">ባስኪርኛ</language>
			<language type="be" draft="true">ቤላራሻኛ</language>
			<language type="bg" draft="true">ቡልጋሪኛ</language>
			<language type="bh" draft="true">ቢሃሪ</language>
			<language type="bi" draft="true">ቢስላምኛ</language>
			<language type="bn" draft="true">በንጋሊኛ</language>
			<language type="bo" draft="true">ትበትንኛ</language>
			<language type="br" draft="true">ብሬቶንኛ</language>
			<language type="byn" draft="true">ብሊን</language>
			<language type="ca" draft="true">ካታላንኛ</language>
			<language type="co" draft="true">ኮርሲካኛ</language>
			<language type="cs" draft="true">ቼክኛ</language>
			<language type="cy" draft="true">ወልሽ</language>
			<language type="da" draft="true">ዴኒሽ</language>
			<language type="de" draft="true">ጀርመን</language>
			<language type="dz" draft="true">ድዞንግኻኛ</language>
			<language type="el" draft="true">ግሪክኛ</language>
			<language type="en" draft="true">እንግሊዝኛ</language>
			<language type="eo" draft="true">ኤስፐራንቶ</language>
			<language type="es" draft="true">ስፓኒሽ</language>
			<language type="et" draft="true">ኤስቶኒአን</language>
			<language type="eu" draft="true">ባስክኛ</language>
			<language type="fa" draft="true">ፐርሲያኛ</language>
			<language type="fi" draft="true">ፊኒሽ</language>
			<language type="fj" draft="true">ፊጂኛ</language>
			<language type="fo" draft="true">ፋሮኛ</language>
			<language type="fr" draft="true">ፈረንሳይኛ</language>
			<language type="fy" draft="true">ፍሪስኛ</language>
			<language type="ga" draft="true">አይሪሽ</language>
			<language type="gd" draft="true">እስኮትስ ጌልክኛ</language>
			<language type="gez" draft="true">ግዕዝኛ</language>
			<language type="gl" draft="true">ጋለጋኛ</language>
			<language type="gn" draft="true">ጓራኒኛ</language>
			<language type="gu" draft="true">ጉጃርቲኛ</language>
			<language type="ha" draft="true">ሃውሳኛ</language>
			<language type="he" draft="true">ዕብራስጥ</language>
			<language type="hi" draft="true">ሐንድኛ</language>
			<language type="hr" draft="true">ክሮሽያንኛ</language>
			<language type="hu" draft="true">ሀንጋሪኛ</language>
			<language type="hy" draft="true">አርመናዊ</language>
			<language type="ia" draft="true">ኢንቴርሊንጓ</language>
			<language type="id" draft="true">እንዶኒሲኛ</language>
			<language type="ie" draft="true">እንተርሊንግወ</language>
			<language type="ik" draft="true">እኑፒያቅኛ</language>
			<language type="is" draft="true">አይስላንድኛ</language>
			<language type="it" draft="true">ጣሊያንኛ</language>
			<language type="iu" draft="true">እኑክቲቱትኛ</language>
			<language type="ja" draft="true">ጃፓንኛ</language>
			<language type="jv" draft="true">ጃቫንኛ</language>
			<language type="ka" draft="true">ጊዮርጊያን</language>
			<language type="kk" draft="true">ካዛክኛ</language>
			<language type="kl" draft="true">ካላሊሱትኛ</language>
			<language type="km" draft="true">ክመርኛ</language>
			<language type="kn" draft="true">ካናዳኛ</language>
			<language type="ko" draft="true">ኮሪያኛ</language>
			<language type="ks" draft="true">ካሽሚርኛ</language>
			<language type="ku" draft="true">ኩርድሽኛ</language>
			<language type="ky" draft="true">ኪርጊዝኛ</language>
			<language type="la" draft="true">ላቲንኛ</language>
			<language type="ln" draft="true">ሊንጋላኛ</language>
			<language type="lo" draft="true">ላውስኛ</language>
			<language type="lt" draft="true">ሊቱአኒያን</language>
			<language type="lv" draft="true">ላትቪያን</language>
			<language type="mg" draft="true">ማላጋስኛ</language>
			<language type="mi" draft="true">ማዮሪኛ</language>
			<language type="mk" draft="true">ማከዶኒኛ</language>
			<language type="ml" draft="true">ማላያላምኛ</language>
			<language type="mn" draft="true">ሞንጎላዊኛ</language>
			<language type="mo" draft="true">ሞልዳቫዊና</language>
			<language type="mr" draft="true">ማራዚኛ</language>
			<language type="ms" draft="true">ማላይኛ</language>
			<language type="mt" draft="true">ማልቲስኛ</language>
			<language type="my" draft="true">ቡርማኛ</language>
			<language type="na" draft="true">ናኡሩ</language>
			<language type="ne" draft="true">ኔፓሊኛ</language>
			<language type="nl" draft="true">ደች</language>
			<language type="no" draft="true">ኖርዌጂያን</language>
			<language type="oc" draft="true">ኦኪታንኛ</language>
			<language type="om" draft="true">ኦሮምኛ</language>
			<language type="or" draft="true">ኦሪያኛ</language>
			<language type="pa" draft="true">ፓንጃቢኛ</language>
			<language type="pl" draft="true">ፖሊሽ</language>
			<language type="ps" draft="true">ፑሽቶኛ</language>
			<language type="pt" draft="true">ፖርቱጋሊኛ</language>
			<language type="qu" draft="true">ኵቿኛ</language>
			<language type="rm" draft="true">ሮማንስ</language>
			<language type="rn" draft="true">ሩንዲኛ</language>
			<language type="ro" draft="true">ሮማኒያን</language>
			<language type="ru" draft="true">ራሽኛ</language>
			<language type="rw" draft="true">ኪንያርዋንድኛ</language>
			<language type="sa" draft="true">ሳንስክሪትኛ</language>
			<language type="sd" draft="true">ሲንድሂኛ</language>
			<language type="sg" draft="true">ሳንጎኛ</language>
			<language type="si" draft="true">ስንሃልኛ</language>
			<language type="sid" draft="true">ሲዳምኛ</language>
			<language type="sk" draft="true">ስሎቫክኛ</language>
			<language type="sl" draft="true">ስሎቪኛ</language>
			<language type="sm" draft="true">ሳሞአኛ</language>
			<language type="sn" draft="true">ሾናኛ</language>
			<language type="so" draft="true">ሱማልኛ</language>
			<language type="sq" draft="true">ልቤኒኛ</language>
			<language type="sr" draft="true">ሰርቢኛ</language>
			<language type="ss" draft="true">ስዋቲኛ</language>
			<language type="st" draft="true">ሶዞኛ</language>
			<language type="su" draft="true">ሱዳንኛ</language>
			<language type="sv" draft="true">ስዊድንኛ</language>
			<language type="sw" draft="true">ስዋሂሊኛ</language>
			<language type="ta" draft="true">ታሚልኛ</language>
			<language type="te" draft="true">ተሉጉኛ</language>
			<language type="tg" draft="true">ታጂኪኛ</language>
			<language type="th" draft="true">ታይኛ</language>
			<language type="ti" draft="true">ትግርኛ</language>
			<language type="tig" draft="true">ትግረ</language>
			<language type="tk" draft="true">ቱርክመንኛ</language>
			<language type="tl" draft="true">ታጋሎገኛ</language>
			<language type="tn" draft="true">ጽዋናዊኛ</language>
			<language type="to" draft="true">ቶንጋ</language>
			<language type="tr" draft="true">ቱርክኛ</language>
			<language type="ts" draft="true">ጾንጋኛ</language>
			<language type="tt" draft="true">ታታርኛ</language>
			<language type="tw" draft="true">ትዊኛ</language>
			<language type="ug" draft="true">ኡዊግሁርኛ</language>
			<language type="uk" draft="true">ዩክረኒኛ</language>
			<language type="ur" draft="true">ኡርዱኛ</language>
			<language type="uz" draft="true">ኡዝበክኛ</language>
			<language type="vi" draft="true">ቪትናምኛ</language>
			<language type="vo" draft="true">ቮላፑክኛ</language>
			<language type="wo" draft="true">ዎሎፍኛ</language>
			<language type="xh" draft="true">ዞሳኛ</language>
			<language type="yi" draft="true">ይዲሻዊኛ</language>
			<language type="yo" draft="true">ዮሩባዊኛ</language>
			<language type="za" draft="true">ዡዋንግኛ</language>
			<language type="zh" draft="true">ቻይንኛ</language>
			<language type="zu" draft="true">ዙሉኛ</language>
		</languages>
		<scripts>
			<script type="Latn" draft="true">ላቲን</script>
		</scripts>
		<territories>
			<territory type="AD" draft="true">አንዶራ</territory>
			<territory type="AE" draft="true">የተባበሩት አረብ ኤምሬትስ</territory>
			<territory type="AL" draft="true">አልባኒያ</territory>
			<territory type="AM" draft="true">አርሜኒያ</territory>
			<territory type="AN" draft="true">ኔዘርላንድስ አንቲልስ</territory>
			<territory type="AR" draft="true">አርጀንቲና</territory>
			<territory type="AT" draft="true">ኦስትሪያ</territory>
			<territory type="AU" draft="true">አውስትሬሊያ</territory>
			<territory type="AZ" draft="true">አዘርባጃን</territory>
			<territory type="BA" draft="true">ቦስኒያ እና ሄርዞጎቪኒያ</territory>
			<territory type="BB" draft="true">ባርቤዶስ</territory>
			<territory type="BE" draft="true">ቤልጄም</territory>
			<territory type="BG" draft="true">ቡልጌሪያ</territory>
			<territory type="BH" draft="true">ባህሬን</territory>
			<territory type="BM" draft="true">ቤርሙዳ</territory>
			<territory type="BO" draft="true">ቦሊቪያ</territory>
			<territory type="BR" draft="true">ብራዚል</territory>
			<territory type="BT" draft="true">ቡህታን</territory>
			<territory type="BY" draft="true">ቤላሩስ</territory>
			<territory type="BZ" draft="true">ቤሊዘ</territory>
			<territory type="CD" draft="true">ኮንጎ</territory>
			<territory type="CF" draft="true">የመካከለኛው አፍሪካ ሪፐብሊክ</territory>
			<territory type="CH" draft="true">ስዊዘርላንድ</territory>
			<territory type="CL" draft="true">ቺሊ</territory>
			<territory type="CM" draft="true">ካሜሩን</territory>
			<territory type="CN" draft="true">ቻይና</territory>
			<territory type="CO" draft="true">ኮሎምቢያ</territory>
			<territory type="CS" draft="true">ሰርቢያ</territory>
			<territory type="CV" draft="true">ኬፕ ቬርዴ</territory>
			<territory type="CY" draft="true">ሳይፕረስ</territory>
			<territory type="CZ" draft="true">ቼክ ሪፑብሊክ</territory>
			<territory type="DE" draft="true">ጀርመን</territory>
			<territory type="DK" draft="true">ዴንማርክ</territory>
			<territory type="DM" draft="true">ዶሚኒካ</territory>
			<territory type="DO" draft="true">ዶሚኒክ ሪፑብሊክ</territory>
			<territory type="DZ" draft="true">አልጄሪያ</territory>
			<territory type="EC" draft="true">ኢኳዶር</territory>
			<territory type="EE" draft="true">ኤስቶኒያ</territory>
			<territory type="EG" draft="true">ግብጽ</territory>
			<territory type="EH" draft="true">ምዕራባዊ ሳህራ</territory>
			<territory type="ER" draft="true">ኤርትራ</territory>
			<territory type="ES" draft="true">ስፔን</territory>
			<territory type="ET" draft="true">ኢትዮጵያ</territory>
			<territory type="FI" draft="true">ፊንላንድ</territory>
			<territory type="FJ" draft="true">ፊጂ</territory>
			<territory type="FM" draft="true">ሚክሮኔዢያ</territory>
			<territory type="FR" draft="true">ፈረንሳይ</territory>
			<territory type="GB" draft="true">እንግሊዝ</territory>
			<territory type="GE" draft="true">ጆርጂያ</territory>
			<territory type="GF" draft="true">የፈረንሳይ ጉዊአና</territory>
			<territory type="GM" draft="true">ጋምቢያ</territory>
			<territory type="GN" draft="true">ጊኒ</territory>
			<territory type="GQ" draft="true">ኢኳቶሪያል ጊኒ</territory>
			<territory type="GR" draft="true">ግሪክ</territory>
			<territory type="GW" draft="true">ቢሳዎ</territory>
			<territory type="GY" draft="true">ጉያና</territory>
			<territory type="HK" draft="true">ሆንግ ኮንግ</territory>
			<territory type="HR" draft="true">ክሮኤሽያ</territory>
			<territory type="HT" draft="true">ሀይቲ</territory>
			<territory type="HU" draft="true">ሀንጋሪ</territory>
			<territory type="ID" draft="true">ኢንዶኔዢያ</territory>
			<territory type="IE" draft="true">አየርላንድ</territory>
			<territory type="IL" draft="true">እስራኤል</territory>
			<territory type="IN" draft="true">ህንድ</territory>
			<territory type="IQ" draft="true">ኢራቅ</territory>
			<territory type="IS" draft="true">አይስላንድ</territory>
			<territory type="IT" draft="true">ጣሊያን</territory>
			<territory type="JM" draft="true">ጃማይካ</territory>
			<territory type="JO" draft="true">ጆርዳን</territory>
			<territory type="JP" draft="true">ጃፓን</territory>
			<territory type="KH" draft="true">ካምቦዲያ</territory>
			<territory type="KM" draft="true">ኮሞሮስ</territory>
			<territory type="KP" draft="true">ደቡብ ኮሪያ</territory>
			<territory type="KR" draft="true">ሰሜን ኮሪያ</territory>
			<territory type="KW" draft="true">ክዌት</territory>
			<territory type="LB" draft="true">ሊባኖስ</territory>
			<territory type="LT" draft="true">ሊቱዌኒያ</territory>
			<territory type="LV" draft="true">ላትቪያ</territory>
			<territory type="LY" draft="true">ሊቢያ</territory>
			<territory type="MA" draft="true">ሞሮኮ</territory>
			<territory type="MD" draft="true">ሞልዶቫ</territory>
			<territory type="MK" draft="true">ማከዶኒያ</territory>
			<territory type="MN" draft="true">ሞንጎሊያ</territory>
			<territory type="MO" draft="true">ማካዎ</territory>
			<territory type="MR" draft="true">ሞሪቴኒያ</territory>
			<territory type="MT" draft="true">ማልታ</territory>
			<territory type="MU" draft="true">ማሩሸስ</territory>
			<territory type="MX" draft="true">ሜክሲኮ</territory>
			<territory type="MY" draft="true">ማሌዢያ</territory>
			<territory type="NA" draft="true">ናሚቢያ</territory>
			<territory type="NC" draft="true">ኒው ካሌዶኒያ</territory>
			<territory type="NG" draft="true">ናይጄሪያ</territory>
			<territory type="NL" draft="true">ኔዘርላንድ</territory>
			<territory type="NO" draft="true">ኖርዌ</territory>
			<territory type="NP" draft="true">ኔፓል</territory>
			<territory type="NZ" draft="true">ኒው ዚላንድ</territory>
			<territory type="PE" draft="true">ፔሩ</territory>
			<territory type="PF" draft="true">የፈረንሳይ ፖሊኔዢያ</territory>
			<territory type="PG" draft="true">ፓፑዋ ኒው ጊኒ</territory>
			<territory type="PL" draft="true">ፖላንድ</territory>
			<territory type="PR" draft="true">ፖርታ ሪኮ</territory>
			<territory type="RO" draft="true">ሮሜኒያ</territory>
			<territory type="RU" draft="true">ራሺያ</territory>
			<territory type="SA" draft="true">ሳውድአረቢያ</territory>
			<territory type="SD" draft="true">ሱዳን</territory>
			<territory type="SE" draft="true">ስዊድን</territory>
			<territory type="SG" draft="true">ሲንጋፖር</territory>
			<territory type="SI" draft="true">ስሎቬኒያ</territory>
			<territory type="SK" draft="true">ስሎቫኪያ</territory>
			<territory type="SN" draft="true">ሴኔጋል</territory>
			<territory type="SO" draft="true">ሱማሌ</territory>
			<territory type="SY" draft="true">ሲሪያ</territory>
			<territory type="TD" draft="true">ቻድ</territory>
			<territory type="TF" draft="true">የፈረንሳይ ደቡባዊ ግዛቶች</territory>
			<territory type="TH" draft="true">ታይላንድ</territory>
			<territory type="TJ" draft="true">ታጃኪስታን</territory>
			<territory type="TL" draft="true">ምስራቅ ቲሞር</territory>
			<territory type="TN" draft="true">ቱኒዚያ</territory>
			<territory type="TR" draft="true">ቱርክ</territory>
			<territory type="TT" draft="true">ትሪኒዳድ እና ቶባጎ</territory>
			<territory type="TZ" draft="true">ታንዛኒያ</territory>
			<territory type="UG" draft="true">ዩጋንዳ</territory>
			<territory type="US" draft="true">አሜሪካ</territory>
			<territory type="UZ" draft="true">ዩዝበኪስታን</territory>
			<territory type="VE" draft="true">ቬንዙዌላ</territory>
			<territory type="VG" draft="true">የእንግሊዝ ድንግል ደሴቶች</territory>
			<territory type="VI" draft="true">የአሜሪካ ቨርጂን ደሴቶች</territory>
			<territory type="YE" draft="true">የመን</territory>
			<territory type="ZA" draft="true">ደቡብ አፍሪካ</territory>
			<territory type="ZM" draft="true">ዛምቢያ</territory>
		</territories>
	</localeDisplayNames>
	<characters>
		<exemplarCharacters draft="true">[ሀ-ቈቊ-ቍቐ-ቖቘቚ-ቝበ-ኈኊ-ኍነ-ኰኲ-ኵኸ-ኾዀዂ-ዅወ-ዖዘ-ጐጒ-ጕጘ-ፚ፟-፼ᎀ-᎙ⶀ-ⶖⶠ-ⶦⶨ-ⶮⶰ-ⶶⶸ-ⶾⷀ-ⷆⷈ-ⷎⷐ-ⷖⷘ-ⷞ]</exemplarCharacters>
	</characters>
	<dates>
		<calendars>
			<calendar type="gregorian">
				<months>
					<monthContext type="format">
						<monthWidth type="abbreviated">
							<month type="1" draft="true">ጃንዩ</month>
							<month type="2" draft="true">ፌብሩ</month>
							<month type="3" draft="true">ማርች</month>
							<month type="4" draft="true">ኤፕረ</month>
							<month type="5" draft="true">ሜይ</month>
							<month type="6" draft="true">ጁን</month>
							<month type="7" draft="true">ጁላይ</month>
							<month type="8" draft="true">ኦገስ</month>
							<month type="9" draft="true">ሴፕቴ</month>
							<month type="10" draft="true">ኦክተ</month>
							<month type="11" draft="true">ኖቬም</month>
							<month type="12" draft="true">ዲሴም</month>
						</monthWidth>
						<monthWidth type="wide">
							<month type="1" draft="true">ጃንዩወሪ</month>
							<month type="2" draft="true">ፌብሩወሪ</month>
							<month type="3" draft="true">ማርች</month>
							<month type="4" draft="true">ኤፕረል</month>
							<month type="5" draft="true">ሜይ</month>
							<month type="6" draft="true">ጁን</month>
							<month type="7" draft="true">ጁላይ</month>
							<month type="8" draft="true">ኦገስት</month>
							<month type="9" draft="true">ሴፕቴምበር</month>
							<month type="10" draft="true">ኦክተውበር</month>
							<month type="11" draft="true">ኖቬምበር</month>
							<month type="12" draft="true">ዲሴምበር</month>
						</monthWidth>
					</monthContext>
					<monthContext type="stand-alone">
						<monthWidth type="narrow">
							<month type="1" draft="true">ጃ</month>
							<month type="2" draft="true">ፌ</month>
							<month type="3" draft="true">ማ</month>
							<month type="4" draft="true">ኤ</month>
							<month type="5" draft="true">ሜ</month>
							<month type="6" draft="true">ጁ</month>
							<month type="7" draft="true">ጁ</month>
							<month type="8" draft="true">ኦ</month>
							<month type="9" draft="true">ሴ</month>
							<month type="10" draft="true">ኦ</month>
							<month type="11" draft="true">ኖ</month>
							<month type="12" draft="true">ዲ</month>
						</monthWidth>
					</monthContext>
				</months>
				<days>
					<dayContext type="format">
						<dayWidth type="abbreviated">
							<day type="sun" draft="true">ሰ/ዓ</day>
							<day type="mon" draft="true">ሰኖ</day>
							<day type="tue" draft="true">ታላሸ</day>
							<day type="wed" draft="true">ኣረር</day>
							<day type="thu" draft="true">ከሚሽ</day>
							<day type="fri" draft="true">ጅምዓ</day>
							<day type="sat" draft="true">ሰ/ን</day>
						</dayWidth>
						<dayWidth type="wide">
							<day type="sun" draft="true">ሰንበት ዓባይ</day>
							<day type="mon" draft="true">ሰኖ</day>
							<day type="tue" draft="true">ታላሸኖ</day>
							<day type="wed" draft="true">ኣረርባዓ</day>
							<day type="thu" draft="true">ከሚሽ</day>
							<day type="fri" draft="true">ጅምዓት</day>
							<day type="sat" draft="true">ሰንበት ንኢሽ</day>
						</dayWidth>
					</dayContext>
					<dayContext type="stand-alone">
						<dayWidth type="narrow">
							<day type="sun" draft="true">ሰ</day>
							<day type="mon" draft="true">ሰ</day>
							<day type="tue" draft="true">ታ</day>
							<day type="wed" draft="true">ኣ</day>
							<day type="thu" draft="true">ከ</day>
							<day type="fri" draft="true">ጅ</day>
							<day type="sat" draft="true">ሰ</day>
						</dayWidth>
					</dayContext>
				</days>
				<week>
					<firstDay day="sat" draft="true"/>
				</week>
				<am draft="true">ቀደም ሰርምዕል</am>
				<pm draft="true">ሓቆ ስርምዕል</pm>
				<eras>
					<eraAbbr>
						<era type="0" draft="true">ዓ/ዓ</era>
						<era type="1" draft="true">ዓ/ም</era>
					</eraAbbr>
				</eras>
			</calendar>
		</calendars>
	</dates>
	<numbers>
		<currencies>
			<currency type="BRL">
				<displayName draft="true">የብራዚል ሪል</displayName>
				<symbol draft="true">R$</symbol>
			</currency>
			<currency type="CNY">
				<displayName draft="true">የቻይና ዩአን ረንሚንቢ</displayName>
				<symbol draft="true">Y</symbol>
			</currency>
			<currency type="ERN">
				<symbol draft="true">$</symbol>
			</currency>
			<currency type="ETB">
				<displayName draft="true">የኢትዮጵያ ብር</displayName>
				<symbol draft="true">$</symbol>
			</currency>
			<currency type="EUR">
				<displayName draft="true">አውሮ</displayName>
			</currency>
			<currency type="GBP">
				<displayName draft="true">የእንግሊዝ ፓውንድ ስተርሊንግ</displayName>
			</currency>
			<currency type="INR">
				<displayName draft="true">የሕንድ ሩፒ</displayName>
			</currency>
			<currency type="JPY">
				<displayName draft="true">የጃፓን የን</displayName>
			</currency>
			<currency type="RUB">
				<displayName draft="true">የራሻ ሩብል</displayName>
			</currency>
			<currency type="USD">
				<displayName draft="true">የአሜሪካን ዶላር</displayName>
				<symbol draft="true">US$</symbol>
				<symbol alt="proposed" draft="true">USD</symbol>
			</currency>
		</currencies>
	</numbers>
</ldml>

