<?xml version="1.0" encoding="UTF-8" ?>
<!DOCTYPE ldml SYSTEM "http://www.unicode.org/cldr/dtd/1.3/ldml.dtd">
<ldml>
	<identity>
		<version number="$Revision: 1.16 $"/>
		<generation date="$Date: 2005/04/02 23:43:15 $"/>
		<language type="tt"/>
	</identity>
	<localeDisplayNames>
		<languages>
			<language type="tt" draft="true">Татар</language>
		</languages>
		<territories>
			<territory type="RU" draft="true">Россия</territory>
		</territories>
	</localeDisplayNames>
	<characters>
		<exemplarCharacters draft="true">[а-яёіѣѳѵә]</exemplarCharacters>
	</characters>
	<numbers>
		<symbols>
			<decimal draft="true">,</decimal>
			<group draft="true"> </group>
		</symbols>
		<currencies>
			<currency type="RUR">
				<symbol draft="true">р.</symbol>
			</currency>
		</currencies>
	</numbers>
</ldml>

