<?xml version="1.0" encoding="UTF-8" ?>
<!DOCTYPE ldml SYSTEM "http://www.unicode.org/cldr/dtd/1.3/ldml.dtd">
<ldml>
	<identity>
		<version number="$Revision: 1.20 $"/>
		<generation date="$Date: 2005/05/24 21:21:38 $"/>
		<language type="ur"/>
	</identity>
	<localeDisplayNames>
		<languages>
			<language type="ur">اردو</language>
		</languages>
		<territories>
			<territory type="PK">پاکستان</territory>
		</territories>
	</localeDisplayNames>
	<layout>
		<orientation characters="right-to-left" draft="true"/>
	</layout>
	<characters>
		<exemplarCharacters draft="true">[\u0621-\u0624 \u0626-\u063a \u0641-\u0642 \u0644-\u0648 \u0679-\u067e \u0686 \u0688 \u0691 \u0698 \u06a9 \u06af \u06ba \u06be \u06cc \u06d2]</exemplarCharacters>
	</characters>
	<numbers>
		<currencies>
			<currency type="PKR">
				<symbol draft="true">Rs</symbol>
			</currency>
		</currencies>
	</numbers>
</ldml>

