<?xml version="1.0" encoding="UTF-8" ?>
<!DOCTYPE ldml SYSTEM "http://www.unicode.org/cldr/dtd/1.3/ldml.dtd">
<ldml>
	<identity>
		<version number="$Revision: 1.1 $"/>
		<generation date="$Date: 2005/05/11 22:41:12 $"/>
		<language type="uz"/>
		<script type="Arab"/>
	</identity>
	<localeDisplayNames>
		<languages>
			<language type="fa" draft="true">دری</language>
			<language type="ps" draft="true">پشتو</language>
			<language type="uz" draft="true">اۉزبېک</language>
		</languages>
		<territories>
			<territory type="AF" draft="true">افغانستان</territory>
		</territories>
	</localeDisplayNames>
	<characters>
		<exemplarCharacters draft="true">[ء-ؤئ-غفقل-ويً-ْٰٔټپځڅ-چډړږژښکګگڼۇۉی-ۍې]</exemplarCharacters>
	</characters>
	<dates>
		<calendars>
			<calendar type="gregorian">
				<months>
					<monthContext type="format">
						<monthWidth type="abbreviated">
							<month type="1" draft="true">جنو</month>
							<month type="2" draft="true">فبر</month>
							<month type="3" draft="true">مار</month>
							<month type="4" draft="true">اپر</month>
							<month type="5" draft="true">مـی</month>
							<month type="6" draft="true">جون</month>
							<month type="7" draft="true">جول</month>
							<month type="8" draft="true">اگس</month>
							<month type="9" draft="true">سپت</month>
							<month type="10" draft="true">اکت</month>
							<month type="11" draft="true">نوم</month>
							<month type="12" draft="true">دسم</month>
						</monthWidth>
						<monthWidth type="wide">
							<month type="1" draft="true">جنوری</month>
							<month type="2" draft="true">فبروری</month>
							<month type="3" draft="true">مارچ</month>
							<month type="4" draft="true">اپریل</month>
							<month type="5" draft="true">می</month>
							<month type="6" draft="true">جون</month>
							<month type="7" draft="true">جولای</month>
							<month type="8" draft="true">اگست</month>
							<month type="9" draft="true">سپتمبر</month>
							<month type="10" draft="true">اکتوبر</month>
							<month type="11" draft="true">نومبر</month>
							<month type="12" draft="true">دسمبر</month>
						</monthWidth>
					</monthContext>
				</months>
				<days>
					<dayContext type="format">
						<dayWidth type="abbreviated">
							<day type="sun" draft="true">ی.</day>
							<day type="mon" draft="true">د.</day>
							<day type="tue" draft="true">س.</day>
							<day type="wed" draft="true">چ.</day>
							<day type="thu" draft="true">پ.</day>
							<day type="fri" draft="true">ج.</day>
							<day type="sat" draft="true">ش.</day>
						</dayWidth>
						<dayWidth type="wide">
							<day type="sun" draft="true">یکشنبه</day>
							<day type="mon" draft="true">دوشنبه</day>
							<day type="tue" draft="true">سه‌شنبه</day>
							<day type="wed" draft="true">چهارشنبه</day>
							<day type="thu" draft="true">پنجشنبه</day>
							<day type="fri" draft="true">جمعه</day>
							<day type="sat" draft="true">شنبه</day>
						</dayWidth>
					</dayContext>
				</days>
				<week>
					<firstDay day="sat" draft="true"/>
				</week>
				<eras>
					<eraAbbr>
						<era type="0" draft="true">ق.م.</era>
						<era type="1" draft="true">م.</era>
					</eraAbbr>
				</eras>
				<dateFormats>
					<dateFormatLength type="full">
						<dateFormat>
							<pattern draft="true">yyyy نچی ییل d نچی MMMM EEEE کونی</pattern>
						</dateFormat>
					</dateFormatLength>
					<dateFormatLength type="long">
						<dateFormat>
							<pattern draft="true">d نچی MMMM yyyy</pattern>
						</dateFormat>
					</dateFormatLength>
					<dateFormatLength type="medium">
						<dateFormat>
							<pattern draft="true">d MMMM yyyy</pattern>
						</dateFormat>
					</dateFormatLength>
					<dateFormatLength type="short">
						<dateFormat>
							<pattern draft="true">yyyy/M/d</pattern>
						</dateFormat>
					</dateFormatLength>
				</dateFormats>
				<timeFormats>
					<timeFormatLength type="full">
						<timeFormat>
							<pattern draft="true">H:mm:ss (z)</pattern>
						</timeFormat>
					</timeFormatLength>
					<timeFormatLength type="long">
						<timeFormat>
							<pattern draft="true">H:mm:ss (z)</pattern>
						</timeFormat>
					</timeFormatLength>
					<timeFormatLength type="medium">
						<timeFormat>
							<pattern draft="true">H:mm:ss</pattern>
						</timeFormat>
					</timeFormatLength>
					<timeFormatLength type="short">
						<timeFormat>
							<pattern draft="true">H:mm</pattern>
						</timeFormat>
					</timeFormatLength>
				</timeFormats>
			</calendar>
		</calendars>
		<timeZoneNames>
			<zone type="Asia/Kabul">
				<long>
					<standard draft="true">افغانستان وقتی</standard>
					<daylight draft="true">افغانستان وقتی</daylight>
				</long>
				<short>
					<standard draft="true">AFT</standard>
					<daylight draft="true">AFT</daylight>
				</short>
				<exemplarCity draft="true">کابل</exemplarCity>
			</zone>
		</timeZoneNames>
	</dates>
	<numbers>
		<symbols>
			<decimal draft="true">٫</decimal>
			<group draft="true">٬</group>
			<percentSign draft="true">٪</percentSign>
			<nativeZeroDigit draft="true">۰</nativeZeroDigit>
			<minusSign draft="true">−</minusSign>
			<exponential draft="true">×۱۰^</exponential>
		</symbols>
		<currencyFormats>
			<currencyFormatLength>
				<currencyFormat>
					<pattern draft="true">#,##0.00 ¤</pattern>
				</currencyFormat>
			</currencyFormatLength>
		</currencyFormats>
		<currencies>
			<currency type="AFA">
				<displayName draft="true">افغانی</displayName>
				<symbol draft="true">افغانی</symbol>
			</currency>
		</currencies>
	</numbers>
</ldml>

