<?xml version="1.0" encoding="UTF-8" ?>
<!DOCTYPE ldml SYSTEM "http://www.unicode.org/cldr/dtd/1.3/ldml.dtd">
<ldml>
	<identity>
		<version number="$Revision: 1.3 $"/>
		<generation date="$Date: 2005/05/22 08:21:00 $"/>
		<language type="uz"/>
		<script type="Latn"/>
	</identity>
	<localeDisplayNames>
		<languages>
			<language type="ar" draft="true">Arabcha</language>
			<language type="de" draft="true">Olmoncha</language>
			<language type="en" draft="true">Inglizcha</language>
			<language type="es" draft="true">Ispancha</language>
			<language type="fr" draft="true">Frantsuzcha</language>
			<language type="hi" draft="true">Hindcha</language>
			<language type="it" draft="true">Italyancha</language>
			<language type="ja" draft="true">Yaponcha</language>
			<language type="pt" draft="true">Portugalcha</language>
			<language type="ru" draft="true">Ruscha</language>
			<language type="uz" draft="true">oʿzbek</language>
			<language type="zh" draft="true">Xitoycha</language>
		</languages>
		<scripts>
			<script type="Cyrl" draft="true">Kiril</script>
			<script type="Latn" draft="true">Lotin</script>
		</scripts>
		<territories>
			<territory type="AF" draft="true">Afgʿoniston</territory>
			<territory type="BR" draft="true">Braziliya</territory>
			<territory type="CN" draft="true">Xitoy</territory>
			<territory type="DE" draft="true">Olmoniya</territory>
			<territory type="FR" draft="true">Frantsiya</territory>
			<territory type="GB" draft="true">Birlashgan Qirollik</territory>
			<territory type="IN" draft="true">Hindiston</territory>
			<territory type="IT" draft="true">Italiya</territory>
			<territory type="JP" draft="true">Yaponiya</territory>
			<territory type="RU" draft="true">Rossiya</territory>
			<territory type="US" draft="true">Qo'shma Shtatlar</territory>
			<territory type="UZ" draft="true">Oʿzbekiston</territory>
		</territories>
	</localeDisplayNames>
	<characters>
		<exemplarCharacters draft="true">[a-vx-zʿ]</exemplarCharacters>
	</characters>
	<dates>
		<calendars>
			<calendar type="gregorian">
				<months>
					<monthContext type="format">
						<monthWidth type="abbreviated">
							<month type="1" draft="true">Yanv</month>
							<month type="2" draft="true">Fev</month>
							<month type="3" draft="true">Mar</month>
							<month type="4" draft="true">Apr</month>
							<month type="5" draft="true">May</month>
							<month type="6" draft="true">Iyun</month>
							<month type="7" draft="true">Iyul</month>
							<month type="8" draft="true">Avg</month>
							<month type="9" draft="true">Sen</month>
							<month type="10" draft="true">Okt</month>
							<month type="11" draft="true">Noya</month>
							<month type="12" draft="true">Dek</month>
						</monthWidth>
						<monthWidth type="wide">
							<month type="1" draft="true">Muharram</month>
							<month type="1" alt="proposed" draft="true">Yanvar</month>
							<month type="2" draft="true">Safar</month>
							<month type="2" alt="proposed" draft="true">Fevral</month>
							<month type="3" draft="true">Rabiul-avval</month>
							<month type="3" alt="proposed" draft="true">Mart</month>
							<month type="4" draft="true">Rabiul-oxir</month>
							<month type="4" alt="proposed" draft="true">Aprel</month>
							<month type="5" draft="true">Jumodiul-ulo</month>
							<month type="5" alt="proposed" draft="true">May</month>
							<month type="6" draft="true">Jumodiul-uxro</month>
							<month type="6" alt="proposed" draft="true">Iyun</month>
							<month type="7" draft="true">Rajab</month>
							<month type="7" alt="proposed" draft="true">Iyul</month>
							<month type="8" draft="true">Shaʿbon</month>
							<month type="8" alt="proposed" draft="true">Avgust</month>
							<month type="9" draft="true">Ramazon</month>
							<month type="9" alt="proposed" draft="true">Sentyabr</month>
							<month type="10" draft="true">Shavvol</month>
							<month type="10" alt="proposed" draft="true">Oktyabr</month>
							<month type="11" draft="true">Zil-qaʿda</month>
							<month type="11" alt="proposed" draft="true">Noyabr</month>
							<month type="12" draft="true">Zil-hijja</month>
							<month type="12" alt="proposed" draft="true">Dekabr</month>
						</monthWidth>
					</monthContext>
					<monthContext type="stand-alone">
						<monthWidth type="narrow">
							<month type="1" draft="true">Y</month>
							<month type="2" draft="true">F</month>
							<month type="3" draft="true">M</month>
							<month type="4" draft="true">A</month>
							<month type="5" draft="true">M</month>
							<month type="6" draft="true">I</month>
							<month type="7" draft="true">I</month>
							<month type="8" draft="true">A</month>
							<month type="9" draft="true">S</month>
							<month type="10" draft="true">O</month>
							<month type="11" draft="true">N</month>
							<month type="12" draft="true">D</month>
						</monthWidth>
					</monthContext>
				</months>
				<days>
					<dayContext type="format">
						<dayWidth type="abbreviated">
							<day type="sun" draft="true">Yaksh</day>
							<day type="mon" draft="true">Dush</day>
							<day type="tue" draft="true">Sesh</day>
							<day type="wed" draft="true">Chor</day>
							<day type="thu" draft="true">Pay</day>
							<day type="fri" draft="true">Jum</day>
							<day type="sat" draft="true">Shan</day>
						</dayWidth>
						<dayWidth type="wide">
							<day type="sun" draft="true">yakshanba</day>
							<day type="sun" alt="proposed" draft="true">Yakshanba</day>
							<day type="mon" draft="true">dushanba</day>
							<day type="mon" alt="proposed" draft="true">Dushanba</day>
							<day type="tue" draft="true">seshanba</day>
							<day type="tue" alt="proposed" draft="true">Seshanba</day>
							<day type="wed" draft="true">chorshanba</day>
							<day type="wed" alt="proposed" draft="true">Chorshanba</day>
							<day type="thu" draft="true">payshanba</day>
							<day type="thu" alt="proposed" draft="true">Payshanba</day>
							<day type="fri" draft="true">juma</day>
							<day type="fri" alt="proposed" draft="true">Juma</day>
							<day type="sat" draft="true">shanba</day>
							<day type="sat" alt="proposed" draft="true">Shanba</day>
						</dayWidth>
					</dayContext>
					<dayContext type="stand-alone">
						<dayWidth type="narrow">
							<day type="sun" draft="true">Y</day>
							<day type="mon" draft="true">D</day>
							<day type="tue" draft="true">S</day>
							<day type="wed" draft="true">C</day>
							<day type="thu" draft="true">P</day>
							<day type="fri" draft="true">J</day>
							<day type="sat" draft="true">Sh</day>
						</dayWidth>
					</dayContext>
				</days>
			</calendar>
		</calendars>
	</dates>
	<numbers>
		<currencies>
			<currency type="BRL">
				<displayName draft="true">Brazil reali</displayName>
			</currency>
			<currency type="CNY">
				<displayName draft="true">Xitoy yuani</displayName>
			</currency>
			<currency type="EUR">
				<displayName draft="true">Evro</displayName>
			</currency>
			<currency type="GBP">
				<displayName draft="true">Ingliz funt sterlingi</displayName>
			</currency>
			<currency type="INR">
				<displayName draft="true">Hind rupiyasi</displayName>
			</currency>
			<currency type="JPY">
				<displayName draft="true">Yapon yenasi</displayName>
			</currency>
			<currency type="RUB">
				<displayName draft="true">Rus rubli</displayName>
			</currency>
			<currency type="USD">
				<displayName draft="true">AQSH dollari</displayName>
			</currency>
			<currency type="UZS">
				<displayName draft="true">Oʿzbekiston soʿm</displayName>
				<symbol draft="true">soʿm</symbol>
			</currency>
		</currencies>
	</numbers>
</ldml>

