<?xml version="1.0" encoding="UTF-8" ?>
<!DOCTYPE ldml SYSTEM "http://www.unicode.org/cldr/dtd/1.3/ldml.dtd">
<ldml>
	<identity>
		<version number="$Revision: 1.27 $"/>
		<generation date="$Date: 2005/04/21 06:35:49 $"/>
		<language type="wal"/>
	</identity>
	<localeDisplayNames>
		<languages>
			<language type="ar" draft="true">ዐርቢኛ</language>
			<language type="de" draft="true">ጀርመን</language>
			<language type="en" draft="true">እንግሊዝኛ</language>
			<language type="es" draft="true">ስፓኒሽ</language>
			<language type="fr" draft="true">ፈረንሳይኛ</language>
			<language type="hi" draft="true">ሐንድኛ</language>
			<language type="it" draft="true">ጣሊያንኛ</language>
			<language type="ja" draft="true">ጃፓንኛ</language>
			<language type="pt" draft="true">ፖርቱጋሊኛ</language>
			<language type="ru" draft="true">ራሽኛ</language>
			<language type="wal" draft="true">ወላይታቱ</language>
			<language type="zh" draft="true">ቻይንኛ</language>
		</languages>
		<scripts>
			<script type="Latn" draft="true">ላቲን</script>
		</scripts>
		<territories>
			<territory type="AD" draft="true">አንዶራ</territory>
			<territory type="AE" draft="true">የተባበሩት አረብ ኤምሬትስ</territory>
			<territory type="AL" draft="true">አልባኒያ</territory>
			<territory type="AM" draft="true">አርሜኒያ</territory>
			<territory type="AN" draft="true">ኔዘርላንድስ አንቲልስ</territory>
			<territory type="AR" draft="true">አርጀንቲና</territory>
			<territory type="AT" draft="true">ኦስትሪያ</territory>
			<territory type="AU" draft="true">አውስትሬሊያ</territory>
			<territory type="AZ" draft="true">አዘርባጃን</territory>
			<territory type="BA" draft="true">ቦስኒያ እና ሄርዞጎቪኒያ</territory>
			<territory type="BB" draft="true">ባርቤዶስ</territory>
			<territory type="BE" draft="true">ቤልጄም</territory>
			<territory type="BG" draft="true">ቡልጌሪያ</territory>
			<territory type="BH" draft="true">ባህሬን</territory>
			<territory type="BM" draft="true">ቤርሙዳ</territory>
			<territory type="BO" draft="true">ቦሊቪያ</territory>
			<territory type="BR" draft="true">ብራዚል</territory>
			<territory type="BT" draft="true">ቡህታን</territory>
			<territory type="BY" draft="true">ቤላሩስ</territory>
			<territory type="BZ" draft="true">ቤሊዘ</territory>
			<territory type="CD" draft="true">ኮንጎ</territory>
			<territory type="CF" draft="true">የመካከለኛው አፍሪካ ሪፐብሊክ</territory>
			<territory type="CH" draft="true">ስዊዘርላንድ</territory>
			<territory type="CL" draft="true">ቺሊ</territory>
			<territory type="CM" draft="true">ካሜሩን</territory>
			<territory type="CN" draft="true">ቻይና</territory>
			<territory type="CO" draft="true">ኮሎምቢያ</territory>
			<territory type="CS" draft="true">ሰርቢያ</territory>
			<territory type="CV" draft="true">ኬፕ ቬርዴ</territory>
			<territory type="CY" draft="true">ሳይፕረስ</territory>
			<territory type="CZ" draft="true">ቼክ ሪፑብሊክ</territory>
			<territory type="DE" draft="true">ጀርመን</territory>
			<territory type="DK" draft="true">ዴንማርክ</territory>
			<territory type="DM" draft="true">ዶሚኒካ</territory>
			<territory type="DO" draft="true">ዶሚኒክ ሪፑብሊክ</territory>
			<territory type="DZ" draft="true">አልጄሪያ</territory>
			<territory type="EC" draft="true">ኢኳዶር</territory>
			<territory type="EE" draft="true">ኤስቶኒያ</territory>
			<territory type="EG" draft="true">ግብጽ</territory>
			<territory type="EH" draft="true">ምዕራባዊ ሳህራ</territory>
			<territory type="ER" draft="true">ኤርትራ</territory>
			<territory type="ES" draft="true">ስፔን</territory>
			<territory type="ET" draft="true">ኢትዮጵያ</territory>
			<territory type="FI" draft="true">ፊንላንድ</territory>
			<territory type="FJ" draft="true">ፊጂ</territory>
			<territory type="FM" draft="true">ሚክሮኔዢያ</territory>
			<territory type="FR" draft="true">ፈረንሳይ</territory>
			<territory type="GB" draft="true">እንግሊዝ</territory>
			<territory type="GE" draft="true">ጆርጂያ</territory>
			<territory type="GF" draft="true">የፈረንሳይ ጉዊአና</territory>
			<territory type="GM" draft="true">ጋምቢያ</territory>
			<territory type="GN" draft="true">ጊኒ</territory>
			<territory type="GQ" draft="true">ኢኳቶሪያል ጊኒ</territory>
			<territory type="GR" draft="true">ግሪክ</territory>
			<territory type="GW" draft="true">ቢሳዎ</territory>
			<territory type="GY" draft="true">ጉያና</territory>
			<territory type="HK" draft="true">ሆንግ ኮንግ</territory>
			<territory type="HR" draft="true">ክሮኤሽያ</territory>
			<territory type="HT" draft="true">ሀይቲ</territory>
			<territory type="HU" draft="true">ሀንጋሪ</territory>
			<territory type="ID" draft="true">ኢንዶኔዢያ</territory>
			<territory type="IE" draft="true">አየርላንድ</territory>
			<territory type="IL" draft="true">እስራኤል</territory>
			<territory type="IN" draft="true">ህንድ</territory>
			<territory type="IQ" draft="true">ኢራቅ</territory>
			<territory type="IS" draft="true">አይስላንድ</territory>
			<territory type="IT" draft="true">ጣሊያን</territory>
			<territory type="JM" draft="true">ጃማይካ</territory>
			<territory type="JO" draft="true">ጆርዳን</territory>
			<territory type="JP" draft="true">ጃፓን</territory>
			<territory type="KH" draft="true">ካምቦዲያ</territory>
			<territory type="KM" draft="true">ኮሞሮስ</territory>
			<territory type="KP" draft="true">ደቡብ ኮሪያ</territory>
			<territory type="KR" draft="true">ሰሜን ኮሪያ</territory>
			<territory type="KW" draft="true">ክዌት</territory>
			<territory type="LB" draft="true">ሊባኖስ</territory>
			<territory type="LT" draft="true">ሊቱዌኒያ</territory>
			<territory type="LV" draft="true">ላትቪያ</territory>
			<territory type="LY" draft="true">ሊቢያ</territory>
			<territory type="MA" draft="true">ሞሮኮ</territory>
			<territory type="MD" draft="true">ሞልዶቫ</territory>
			<territory type="MK" draft="true">ማከዶኒያ</territory>
			<territory type="MN" draft="true">ሞንጎሊያ</territory>
			<territory type="MO" draft="true">ማካዎ</territory>
			<territory type="MR" draft="true">ሞሪቴኒያ</territory>
			<territory type="MT" draft="true">ማልታ</territory>
			<territory type="MU" draft="true">ማሩሸስ</territory>
			<territory type="MX" draft="true">ሜክሲኮ</territory>
			<territory type="MY" draft="true">ማሌዢያ</territory>
			<territory type="NA" draft="true">ናሚቢያ</territory>
			<territory type="NC" draft="true">ኒው ካሌዶኒያ</territory>
			<territory type="NG" draft="true">ናይጄሪያ</territory>
			<territory type="NL" draft="true">ኔዘርላንድ</territory>
			<territory type="NO" draft="true">ኖርዌ</territory>
			<territory type="NP" draft="true">ኔፓል</territory>
			<territory type="NZ" draft="true">ኒው ዚላንድ</territory>
			<territory type="PE" draft="true">ፔሩ</territory>
			<territory type="PF" draft="true">የፈረንሳይ ፖሊኔዢያ</territory>
			<territory type="PG" draft="true">ፓፑዋ ኒው ጊኒ</territory>
			<territory type="PL" draft="true">ፖላንድ</territory>
			<territory type="PR" draft="true">ፖርታ ሪኮ</territory>
			<territory type="RO" draft="true">ሮሜኒያ</territory>
			<territory type="RU" draft="true">ራሺያ</territory>
			<territory type="SA" draft="true">ሳውድአረቢያ</territory>
			<territory type="SD" draft="true">ሱዳን</territory>
			<territory type="SE" draft="true">ስዊድን</territory>
			<territory type="SG" draft="true">ሲንጋፖር</territory>
			<territory type="SI" draft="true">ስሎቬኒያ</territory>
			<territory type="SK" draft="true">ስሎቫኪያ</territory>
			<territory type="SN" draft="true">ሴኔጋል</territory>
			<territory type="SO" draft="true">ሱማሌ</territory>
			<territory type="SY" draft="true">ሲሪያ</territory>
			<territory type="TD" draft="true">ቻድ</territory>
			<territory type="TF" draft="true">የፈረንሳይ ደቡባዊ ግዛቶች</territory>
			<territory type="TH" draft="true">ታይላንድ</territory>
			<territory type="TJ" draft="true">ታጃኪስታን</territory>
			<territory type="TL" draft="true">ምስራቅ ቲሞር</territory>
			<territory type="TN" draft="true">ቱኒዚያ</territory>
			<territory type="TR" draft="true">ቱርክ</territory>
			<territory type="TT" draft="true">ትሪኒዳድ እና ቶባጎ</territory>
			<territory type="TZ" draft="true">ታንዛኒያ</territory>
			<territory type="UG" draft="true">ዩጋንዳ</territory>
			<territory type="US" draft="true">አሜሪካ</territory>
			<territory type="UZ" draft="true">ዩዝበኪስታን</territory>
			<territory type="VE" draft="true">ቬንዙዌላ</territory>
			<territory type="VG" draft="true">የእንግሊዝ ድንግል ደሴቶች</territory>
			<territory type="VI" draft="true">የአሜሪካ ቨርጂን ደሴቶች</territory>
			<territory type="YE" draft="true">የመን</territory>
			<territory type="ZA" draft="true">ደቡብ አፍሪካ</territory>
			<territory type="ZM" draft="true">ዛምቢያ</territory>
		</territories>
	</localeDisplayNames>
	<characters>
		<exemplarCharacters draft="true">[ሀ-ቈቊ-ቍቐ-ቖቘቚ-ቝበ-ኈኊ-ኍነ-ኰኲ-ኵኸ-ኾዀዂ-ዅወ-ዖዘ-ጐጒ-ጕጘ-ፚ፟-፼ᎀ-᎙ⶀ-ⶖⶠ-ⶦⶨ-ⶮⶰ-ⶶⶸ-ⶾⷀ-ⷆⷈ-ⷎⷐ-ⷖⷘ-ⷞ]</exemplarCharacters>
	</characters>
	<dates>
		<calendars>
			<calendar type="gregorian">
				<months>
					<monthContext type="format">
						<monthWidth type="abbreviated">
							<month type="1" draft="true">ጃንዩ</month>
							<month type="2" draft="true">ፌብሩ</month>
							<month type="3" draft="true">ማርች</month>
							<month type="4" draft="true">ኤፕረ</month>
							<month type="5" draft="true">ሜይ</month>
							<month type="6" draft="true">ጁን</month>
							<month type="7" draft="true">ጁላይ</month>
							<month type="8" draft="true">ኦገስ</month>
							<month type="9" draft="true">ሴፕቴ</month>
							<month type="10" draft="true">ኦክተ</month>
							<month type="11" draft="true">ኖቬም</month>
							<month type="12" draft="true">ዲሴም</month>
						</monthWidth>
						<monthWidth type="wide">
							<month type="1" draft="true">ጃንዩወሪ</month>
							<month type="2" draft="true">ፌብሩወሪ</month>
							<month type="3" draft="true">ማርች</month>
							<month type="4" draft="true">ኤፕረል</month>
							<month type="5" draft="true">ሜይ</month>
							<month type="6" draft="true">ጁን</month>
							<month type="7" draft="true">ጁላይ</month>
							<month type="8" draft="true">ኦገስት</month>
							<month type="9" draft="true">ሴፕቴምበር</month>
							<month type="10" draft="true">ኦክተውበር</month>
							<month type="11" draft="true">ኖቬምበር</month>
							<month type="12" draft="true">ዲሴምበር</month>
						</monthWidth>
					</monthContext>
					<monthContext type="stand-alone">
						<monthWidth type="narrow">
							<month type="1" draft="true">ጃ</month>
							<month type="2" draft="true">ፌ</month>
							<month type="3" draft="true">ማ</month>
							<month type="4" draft="true">ኤ</month>
							<month type="5" draft="true">ሜ</month>
							<month type="6" draft="true">ጁ</month>
							<month type="7" draft="true">ጁ</month>
							<month type="8" draft="true">ኦ</month>
							<month type="9" draft="true">ሴ</month>
							<month type="10" draft="true">ኦ</month>
							<month type="11" draft="true">ኖ</month>
							<month type="12" draft="true">ዲ</month>
						</monthWidth>
					</monthContext>
				</months>
				<days>
					<dayContext type="format">
						<dayWidth type="abbreviated">
							<day type="sun" draft="true">ወጋ</day>
							<day type="mon" draft="true">ሳይኖ</day>
							<day type="tue" draft="true">ማቆሳ</day>
							<day type="wed" draft="true">አሩዋ</day>
							<day type="thu" draft="true">ሃሙሳ</day>
							<day type="fri" draft="true">አርባ</day>
							<day type="sat" draft="true">ቄራ</day>
						</dayWidth>
						<dayWidth type="wide">
							<day type="sun" draft="true">ወጋ</day>
							<day type="mon" draft="true">ሳይኖ</day>
							<day type="tue" draft="true">ማቆሳኛ</day>
							<day type="wed" draft="true">አሩዋ</day>
							<day type="thu" draft="true">ሃሙሳ</day>
							<day type="fri" draft="true">አርባ</day>
							<day type="sat" draft="true">ቄራ</day>
						</dayWidth>
					</dayContext>
					<dayContext type="stand-alone">
						<dayWidth type="narrow">
							<day type="sun" draft="true">ወ</day>
							<day type="mon" draft="true">ሳ</day>
							<day type="tue" draft="true">ማ</day>
							<day type="wed" draft="true">አ</day>
							<day type="thu" draft="true">ሃ</day>
							<day type="fri" draft="true">አ</day>
							<day type="sat" draft="true">ቄ</day>
						</dayWidth>
					</dayContext>
				</days>
				<week>
					<firstDay day="sat" draft="true"/>
				</week>
				<am draft="true">ማለዶ</am>
				<pm draft="true">ቃማ</pm>
				<eras>
					<eraAbbr>
						<era type="0" draft="true">አዳ ዎዴ</era>
						<era type="1" draft="true">ግሮተታ ላይታ</era>
					</eraAbbr>
				</eras>
			</calendar>
		</calendars>
	</dates>
	<numbers>
		<currencies>
			<currency type="BRL">
				<displayName draft="true">የብራዚል ሪል</displayName>
				<symbol draft="true">R$</symbol>
			</currency>
			<currency type="CNY">
				<displayName draft="true">የቻይና ዩአን ረንሚንቢ</displayName>
				<symbol draft="true">Y</symbol>
			</currency>
			<currency type="ETB">
				<displayName draft="true">የኢትዮጵያ ብር</displayName>
				<symbol draft="true">$</symbol>
			</currency>
			<currency type="EUR">
				<displayName draft="true">አውሮ</displayName>
			</currency>
			<currency type="GBP">
				<displayName draft="true">የእንግሊዝ ፓውንድ ስተርሊንግ</displayName>
			</currency>
			<currency type="INR">
				<displayName draft="true">የሕንድ ሩፒ</displayName>
			</currency>
			<currency type="JPY">
				<displayName draft="true">የጃፓን የን</displayName>
			</currency>
			<currency type="RUB">
				<displayName draft="true">የራሻ ሩብል</displayName>
			</currency>
			<currency type="USD">
				<displayName draft="true">የአሜሪካን ዶላር</displayName>
				<symbol draft="true">US$</symbol>
				<symbol alt="proposed" draft="true">USD</symbol>
			</currency>
		</currencies>
	</numbers>
</ldml>

